OPE ID,School,State,Zip Code,School Type,Recipients,# of Loans Originated,$ of Loans Originated,# of Disbursements,$ of Disbursements
00106300,UNIVERSITY OF ALASKA FAIRBANKS,AK,997757500,PUBLIC,0,0,0,0,0
00100400,UNIVERSITY OF MONTEVALLO,AL,351156000,PUBLIC,9,9,36754,13,32001
00100800,ATHENS STATE UNIVERSITY,AL,356111999,PUBLIC,0,0,0,0,0
00102000,JACKSONVILLE STATE UNIVERSITY,AL,362651602,PUBLIC,115,125,539608,218,509616
00102200,JEFFERSON STATE COMMUNITY COLLEGE,AL,352153098,PUBLIC,0,0,0,0,0
00102800,MILES COLLEGE,AL,350642697,PRIVATE,89,97,275132,180,263793
00104400,STILLMAN COLLEGE,AL,354031430,PRIVATE,66,72,344350,109,328262
00104600,TALLADEGA COLLEGE,AL,351602354,PRIVATE,4,4,12088,5,11690
00105000,TUSKEGEE UNIVERSITY,AL,360881645,PRIVATE,299,341,2289721,579,2241079
00105100,UNIVERSITY OF ALABAMA,AL,354870120,PUBLIC,595,651,4726877,1101,4577623
00105200,UNIVERSITY OF ALABAMA AT BIRMINGHAM,AL,352941150,PUBLIC,277,302,2016489,636,1737690
00105500,UNIVERSITY OF ALABAMA IN HUNTSVILLE,AL,358990001,PUBLIC,79,88,402856,164,391706
00446200,GADSDEN BUSINESS COLLEGE,AL,359063658,PROPRIETARY,6,6,24525,16,23562
01019300,HERZING UNIVERSITY,AL,352094816,PROPRIETARY,0,0,0,0,0
02605500,REMINGTON COLLEGE - MOBILE CAMPUS,AL,366095593,PROPRIETARY,261,309,1930332,833,1782835
03010600,VIRGINIA COLLEGE,AL,352095154,PROPRIETARY,248,276,1424046,586,1304852
03361400,FORTIS COLLEGE,AL,365353547,PROPRIETARY,0,0,0,0,0
00108700,ARKANSAS BAPTIST COLLEGE,AR,722026099,PRIVATE,0,0,0,0,0
00109200,UNIVERSITY OF CENTRAL ARKANSAS,AR,720350001,PUBLIC,535,579,2561028,1012,2544044
00110300,PHILANDER SMITH COLLEGE,AR,722023718,PRIVATE,19,19,65808,20,54842
00110600,WILLIAMS BAPTIST COLLEGE,AR,724764661,PRIVATE,17,18,68365,27,68443
00573200,UNIVERSITY OF ARKANSAS COMMUNITY COLLEGE AT HOPE,AR,718010000,PUBLIC,0,0,0,0,0
01226000,EAST ARKANSAS COMMUNITY COLLEGE,AR,723352204,PUBLIC,4,4,5917,5,4203
02525800,LEES SCHOOL OF COSMETOLOGY,AR,721143800,PROPRIETARY,2,2,4702,2,4702
03065100,ABC BEAUTY COLLEGE,AR,719234206,PROPRIETARY,0,0,0,0,0
03254300,MARGARET'S HAIR ACADEMY,AR,716554905,PROPRIETARY,0,0,0,0,0
00108100,ARIZONA STATE UNIVERSITY,AZ,852870412,PUBLIC,0,0,0,0,0
00108200,NORTHERN ARIZONA UNIVERSITY,AZ,860110001,PUBLIC,504,531,3374736,916,3332397
00726600,PIMA COUNTY COMMUNITY COLLEGE,AZ,857095000,PUBLIC,41,43,186313,65,186181
00830300,GATEWAY COMMUNITY COLLEGE,AZ,850341795,PUBLIC,0,0,0,0,0
00886400,ARIZONA ACADEMY OF BEAUTY,AZ,857125021,PROPRIETARY,0,0,0,0,0
00945100,BROWN MACKIE COLLEGE,AZ,857125300,PROPRIETARY,32,36,110084,82,93687
01180200,ARIZONA ACADEMY OF BEAUTY - NORTH,AZ,857052720,PROPRIETARY,1,1,3500,1,3500
01218400,INTERNATIONAL ACADEMY OF HAIR DESIGN,AZ,852257198,PROPRIETARY,2,2,8000,4,8000
02071200,KAPLAN COLLEGE,AZ,850294349,PROPRIETARY,42,47,211900,86,190317
02173300,DEVOE COLLEGE OF BEAUTY,AZ,856351832,PROPRIETARY,0,0,0,0,0
02218800,BROOKLINE COLLEGE,AZ,850215820,PROPRIETARY,19,21,69226,36,65810
02263100,ANTHEM COLLEGE,AZ,850144973,PROPRIETARY,1,1,2620,2,2620
02280500,CHARLES OF ITALY BEAUTY COLLEGE,AZ,864035770,PROPRIETARY,0,0,0,0,0
02295000,EVEREST COLLEGE PHOENIX,AZ,850211610,PROPRIETARY,10,10,48903,24,41832
02491500,ART CENTER DESIGN COLLEGE (THE),AZ,857162505,PROPRIETARY,95,112,436336,231,409798
02559000,UNIVERSITY OF ADVANCING COMPUTER TECHNOLOGY,AZ,852831056,PROPRIETARY,0,0,0,0,0
02561900,TONI AND GUY HAIRDRESSING ACADEMY,AZ,852513301,PROPRIETARY,1,2,3850,4,3850
02582700,CORTIVA INSTITUTE - TUCSON,AZ,857103503,PROPRIETARY,21,22,271284,62,270515
02623600,PARADISE VALLEY COMMUNITY COLLEGE,AZ,850321210,PUBLIC,0,0,0,0,0
03034400,CONSERVATORY OF RECORDING ARTS & SCIENCES,AZ,852821707,PROPRIETARY,0,0,0,0,0
03072200,CHANDLER - GILBERT COMMUNITY COLLEGE,AZ,852252499,PUBLIC,8,9,88451,14,80140
03120300,COLLEGE AMERICA - FLAGSTAFF,AZ,860043936,PROPRIETARY,2,2,19908,3,19908
03445300,HDS TRUCK DRIVING INSTITUTE,AZ,857069263,PROPRIETARY,1,1,4336,2,4336
00112700,CALIFORNIA COLLEGE OF THE ARTS,CA,941072206,PRIVATE,0,0,0,0,0
00113100,CALIFORNIA INSTITUTE OF TECHNOLOGY,CA,911250001,PRIVATE,54,54,820086,152,819086
00114000,"CALIFORNIA STATE UNIVERSITY, LOS ANGELES",CA,900324226,PUBLIC,0,0,0,0,0
00114100,"CALIFORNIA STATE UNIVERSITY, DOMINGUEZ HILLS",CA,907470001,PUBLIC,0,0,0,0,0
00114200,"CALIFORNIA STATE UNIVERSITY, SAN BERNARDINO",CA,924072397,PUBLIC,0,0,0,0,0
00114600,"CALIFORNIA STATE UNIVERSITY, CHICO",CA,959290001,PUBLIC,249,253,1776850,468,1717471
00114900,HUMBOLDT STATE UNIVERSITY,CA,955218299,PUBLIC,188,194,1220108,352,1197356
00115000,CALIFORNIA STATE UNIVERSITY - SACRAMENTO,CA,958196044,PUBLIC,564,577,3293383,1072,3174849
00115100,SAN DIEGO STATE UNIVERSITY,CA,921821690,PUBLIC,1456,1491,10666905,2802,10497417
00115400,SAN FRANCISCO STATE UNIVERSITY,CA,941321740,PUBLIC,0,0,0,0,0
00115600,SONOMA STATE UNIVERSITY,CA,949283609,PUBLIC,384,392,3076715,728,2837960
00116600,CITRUS COMMUNITY COLLEGE,CA,917411899,PUBLIC,14,14,40280,25,40318
00117600,WEST HILLS COMMUNITY COLLEGE,CA,932101399,PUBLIC,1,1,8000,1,8000
00120100,FULLERTON COLLEGE,CA,928322095,PUBLIC,0,0,0,0,0
00121900,LONG BEACH CITY COLLEGE,CA,908081780,PUBLIC,0,0,0,0,0
00122300,LOS ANGELES CITY COLLEGE,CA,900293588,PUBLIC,0,0,0,0,0
00122400,LOS ANGELES HARBOR COLLEGE,CA,907442397,PUBLIC,0,0,0,0,0
00122600,LOS ANGELES PIERCE COLLEGE,CA,913710001,PUBLIC,0,0,0,0,0
00122800,LOS ANGELES VALLEY COLLEGE,CA,914014096,PUBLIC,0,0,0,0,0
00124100,MONTEREY INSTITUTE OF INTERNATIONAL STUDIES,CA,939402691,PRIVATE,0,0,0,0,0
00124200,MONTEREY PENINSULA COLLEGE,CA,939404799,PUBLIC,0,0,0,0,0
00124500,MOUNT SAN ANTONIO COLLEGE,CA,917891399,PUBLIC,1,1,9000,1,9000
00124700,NAPA VALLEY COLLEGE,CA,945586236,PUBLIC,0,0,0,0,0
00126000,PALOMAR COLLEGE,CA,920691486,PUBLIC,0,0,0,0,0
00126100,PASADENA CITY COLLEGE,CA,911062003,PUBLIC,0,0,0,0,0
00126900,RIO HONDO COMMUNITY COLLEGE,CA,906011699,PUBLIC,0,0,0,0,0
00127300,SAN DIEGO CITY COLLEGE,CA,921014787,PUBLIC,0,0,0,0,0
00127500,SAN DIEGO MESA COLLEGE,CA,921114996,PUBLIC,23,23,154626,39,154702
00127900,SAN FRANCISCO THEOLOGICAL SEMINARY,CA,949602905,PRIVATE,0,0,0,0,0
00128500,SANTA BARBARA CITY COLLEGE,CA,931092394,PUBLIC,0,0,0,0,0
00128700,SANTA ROSA JUNIOR COLLEGE,CA,954014395,PUBLIC,0,0,0,0,0
00130700,FRESNO CITY COLLEGE,CA,937410002,PUBLIC,0,0,0,0,0
00130800,REEDLEY COLLEGE,CA,936542099,PUBLIC,0,0,0,0,0
00131200,"UNIVERSITY OF CALIFORNIA, BERKELEY",CA,947201520,PUBLIC,2173,2437,18685452,4105,17918772
00131300,"UNIVERSITY OF CALIFORNIA, DAVIS",CA,956168558,PUBLIC,1186,1213,9045455,3274,8792820
00131400,"UNIVERSITY OF CALIFORNIA, IRVINE",CA,926970001,PUBLIC,1572,1670,12312463,4216,11946319
00131600,"UNIVERSITY OF CALIFORNIA, RIVERSIDE",CA,925210209,PUBLIC,1462,1503,8934645,4189,8735486
00132000,"UNIVERSITY OF CALIFORNIA, SANTA BARBARA",CA,931062030,PUBLIC,2246,2534,18381594,6551,18070012
00132100,"UNIVERSITY OF CALIFORNIA, SANTA CRUZ",CA,950640001,PUBLIC,945,988,8732331,1816,8270091
00132500,UNIVERSITY OF SAN FRANCISCO,CA,941171080,PRIVATE,454,471,6313797,885,6097332
00132600,SANTA CLARA UNIVERSITY,CA,950534956,PRIVATE,247,249,3623064,679,3553275
00132900,UNIVERSITY OF THE PACIFIC,CA,952110197,PRIVATE,356,377,4417033,690,4207960
00133500,VICTOR VALLEY COMMUNITY COLLEGE,CA,923955850,PUBLIC,0,0,0,0,0
00394800,SAN FRANCISCO ART INSTITUTE,CA,941332299,PRIVATE,78,85,688029,159,663816
00705000,BAY VISTA COLLEGE OF BEAUTY,CA,919503616,PROPRIETARY,1,1,4000,1,1242
00713000,NEWBERRY SCHOOL OF BEAUTY,CA,913447404,PROPRIETARY,6,6,9178,9,7347
00716400,BRYAN COLLEGE,CA,900102501,PROPRIETARY,5,6,26348,16,22037
00720400,MODERN BEAUTY ACADEMY - OXNARD,CA,930307016,PROPRIETARY,0,0,0,0,0
00725300,FEDERICO BEAUTY INSTITUTE,CA,958341905,PROPRIETARY,15,18,41978,30,41813
00753100,ACADEMY OF ART UNIVERSITY,CA,941053410,PROPRIETARY,762,842,10541370,1531,10223126
00792600,TRAVEL & TRADE CAREER INSTITUTE,CA,908072650,PROPRIETARY,0,0,0,0,0
00799300,"CALIFORNIA STATE UNIVERSITY, BAKERSFIELD",CA,933111022,PUBLIC,17,17,84353,38,74141
00903200,EMPIRE COLLEGE,CA,954032122,PROPRIETARY,0,0,0,0,0
01146000,NATIONAL UNIVERSITY,CA,920371011,PRIVATE,0,0,0,0,0
01169600,NATIONAL POLYTECHNIC COLLEGE OF SCIENCE,CA,907446399,PRIVATE,0,0,0,0,0
01170700,NORTH-WEST COLLEGE,CA,917902097,PROPRIETARY,44,44,111651,66,108048
01182000,SAN DIEGO MIRAMAR COLLEGE,CA,921262999,PUBLIC,0,0,0,0,0
01202600,JE BOUTIQUE COLLEGE OF BEAUTY,CA,920216247,PROPRIETARY,15,15,42952,28,42171
01255000,LOS ANGELES MISSION COLLEGE,CA,913423200,PUBLIC,0,0,0,0,0
01287200,NORTH-WEST COLLEGE,CA,917683199,PROPRIETARY,12,12,39600,22,39595
01298400,PROFESSIONAL INSTITUTE OF BEAUTY,CA,917312613,PROPRIETARY,0,0,0,0,0
01301000,LANCASTER BEAUTY SCHOOL,CA,935343098,PROPRIETARY,4,4,16925,6,16925
02091700,KAPLAN COLLEGE,CA,921231509,PROPRIETARY,131,151,735560,255,705383
02110800,CALIFORNIA COLLEGE SAN DIEGO,CA,921083821,PROPRIETARY,6,8,41719,10,37862
02120700,SAN JOAQUIN VALLEY COLLEGE,CA,932919283,PROPRIETARY,334,425,1740615,680,1629442
02120900,ITT TECHNICAL INSTITUTE,CA,956706047,PROPRIETARY,28,35,141014,77,133884
02125000,CAREER ACADEMY OF BEAUTY,CA,928452032,PROPRIETARY,0,0,0,0,0
02128200,VICTOR VALLEY BEAUTY COLLEGE,CA,923923821,PROPRIETARY,6,6,15407,11,14029
02174600,MARINELLO SCHOOL OF BEAUTY,CA,902011193,PROPRIETARY,1,1,2781,2,1391
02188400,SIERRA VALLEY COLLEGE OF COURT REPORTING,CA,937260517,PROPRIETARY,1,1,4595,2,4595
02220000,COLLEEN O'HARA'S BEAUTY ACADEMY,CA,927014625,PROPRIETARY,0,0,0,0,0
02277400,SOUTH COAST COLLEGE,CA,928688124,PROPRIETARY,0,0,0,0,0
02306300,KAPLAN COLLEGE,CA,953689083,PROPRIETARY,69,85,199781,128,166607
02313500,SAN JOAQUIN VALLEY COLLEGE,CA,933092659,PROPRIETARY,4,5,11522,8,9880
02332800,CENTER FOR EMPLOYMENT TRAINING,CA,951102940,PRIVATE,19,19,46671,30,44512
02338700,MARINELLO SCHOOL OF BEAUTY,CA,941032812,PROPRIETARY,10,10,34000,20,32000
02342400,ACADEMY OF RADIO & TV BROADCASTING,CA,926473809,PROPRIETARY,12,13,73605,22,73197
02343400,"BELLUS ACADEMY, THE ACADEMY OF BEAUTY AND SPA",CA,920644633,PROPRIETARY,0,0,0,0,0
02345800,MONTEBELLO BEAUTY COLLEGE,CA,906404014,PROPRIETARY,0,0,0,0,0
02351900,KAPLAN COLLEGE,CA,958217012,PROPRIETARY,55,72,326017,155,269053
02496000,HUNTINGTON COLLEGE OF DENTAL TECHNOLOGY,CA,926833953,PROPRIETARY,7,8,17629,15,16731
02497300,MILAN INSTITUTE,CA,932778109,PROPRIETARY,35,38,179650,72,171157
02519800,AVANCE' BEAUTY COLLEGE,CA,921542284,PROPRIETARY,0,0,0,0,0
02520300,INTERIOR DESIGNERS INSTITUTE,CA,926603228,PROPRIETARY,19,20,94732,52,85408
02537200,PALOMAR INSTITUTE OF COSMETOLOGY,CA,920782644,PROPRIETARY,12,12,47262,15,44788
02539100,KAPLAN COLLEGE,CA,916063231,PROPRIETARY,87,92,345627,165,321827
02543400,BROWNSON TECHNICAL SCHOOL,CA,928056329,PROPRIETARY,0,0,0,0,0
02545900,HYPNOSIS MOTIVATION INSTITUTE,CA,913564154,PRIVATE,0,0,0,0,0
02549000,KAPLAN COLLEGE,CA,920837736,PROPRIETARY,98,118,479127,223,451598
02565400,KAPLAN COLLEGE,CA,952076216,PROPRIETARY,40,41,114499,74,100564
02589100,AMERICAN COLLEGE OF BUSINESS,CA,900102307,PROPRIETARY,1,1,4000,1,2030
02591600,NORTH-WEST COLLEGE,CA,911011744,PROPRIETARY,9,9,27700,13,26556
02608900,PINNACLE COLLEGE,CA,918038842,PROPRIETARY,6,6,34663,12,34282
02609000,EMPEROR'S COLLEGE OF TRADITIONAL ORIENTAL MEDICINE,CA,904035609,PROPRIETARY,0,0,0,0,0
02612800,LOS ANGELES RECORDING SCHOOL,CA,900283112,PROPRIETARY,104,129,913013,245,875832
02620300,PLATT COLLEGE,CA,926473017,PROPRIETARY,42,60,301082,141,292144
03011300,"CALIFORNIA STATE UNIVERSITY, SAN MARCOS",CA,920960001,PUBLIC,25,25,126263,41,126263
03039900,FREMONT COLLEGE,CA,907035342,PROPRIETARY,0,0,0,0,0
03054100,ROYALE COLLEGE OF BEAUTY,CA,925902525,PROPRIETARY,3,3,6434,5,6434
03062700,PLATT COLLEGE,CA,918039998,PROPRIETARY,86,117,566322,262,507126
03067500,INSTITUTE OF TECHNOLOGY,CA,936123217,PROPRIETARY,119,123,594388,218,569070
03084700,VENTURA ADULT AND CONTINUING EDUCATION,CA,930037313,PUBLIC,2,2,5691,4,3964
03094400,MARINELLO SCHOOL OF BEAUTY,CA,958412909,PROPRIETARY,4,4,18268,4,18268
03097700,CENTRAL CALIFORNIA SCHOOL OF CONTINUING EDUCATION,CA,934016739,PROPRIETARY,14,15,49216,25,38982
03098200,YO SAN UNIVERSITY OF TRADITIONAL CHINESE MEDICINE,CA,900661103,PRIVATE,0,0,0,0,0
03113300,MCED CAREER COLLEGE,CA,937271620,PROPRIETARY,0,0,0,0,0
03113600,SOUTHERN CALIFORNIA INSTITUTE OF TECHNOLOGY,CA,928053758,PROPRIETARY,0,0,0,0,0
03123000,SONOMA COLLEGE,CA,949547464,PROPRIETARY,12,13,87831,24,83832
03125400,ART INSTITUTE OF CALIFORNIA-HOLLYWOOD (THE),CA,916013112,PROPRIETARY,4,4,15302,8,14225
03129300,COASTAL VALLEY COLLEGE,CA,946086107,PROPRIETARY,0,0,0,0,0
03150500,A - TECHNICAL COLLEGE,CA,900153535,PROPRIETARY,0,0,0,0,0
03225300,AMERICAN UNIVERSITY OF HEALTH SCIENCES,CA,907553612,PROPRIETARY,4,4,16339,7,16339
03242300,CAREER NETWORKS INSTITUTE,CA,928684710,PROPRIETARY,16,17,60954,25,59555
03259300,LOS ANGELES COLLEGE OF MICRO TECHNOLOGY,CA,900102112,PROPRIETARY,1,1,627,1,627
03266300,BETHESDA CHRISTIAN UNIVERSITY,CA,928014132,PRIVATE,0,0,0,0,0
03288300,ACADEMY OF CHINESE CULTURE AND HEALTH SCIENCES,CA,946121540,PRIVATE,0,0,0,0,0
03308300,KENSINGTON COLLEGE,CA,927058708,PROPRIETARY,0,0,0,0,0
03393300,PRECISION TECHNICAL INSTITUTE,CA,958341922,PROPRIETARY,0,0,0,0,0
03440400,MARIAN HEALTH CAREERS CENTER,CA,900101728,PROPRIETARY,2,2,8000,4,8000
03479300,PCI COLLEGE,CA,907032522,PROPRIETARY,4,5,20979,9,17412
03479400,DVS COLLEGE,CA,900101718,PROPRIETARY,0,0,0,0,0
03481400,SOFTWARE ADVANCED TECHNOLOGIES INSTITUTE,CA,940871034,PROPRIETARY,1,1,2882,1,1441
00135000,COLORADO STATE UNIVERSITY,CO,805230100,PUBLIC,2361,2533,18477464,4562,17629782
00135400,ILIFF SCHOOL OF THEOLOGY,CO,802104798,PRIVATE,0,0,0,0,0
00137000,UNIVERSITY OF COLORADO AT BOULDER,CO,803090077,PUBLIC,2266,2521,26078336,4370,25379170
00137100,UNIVERSITY OF DENVER,CO,802082000,PRIVATE,258,270,3431762,713,3283420
00450800,UNIVERSITY OF COLORADO DENVER,CO,802042029,PUBLIC,26,27,299490,45,277978
00758200,AIMS COMMUNITY COLLEGE,CO,806343002,PUBLIC,15,19,102733,36,95565
00793300,FRONT RANGE COMMUNITY COLLEGE,CO,800312199,PUBLIC,0,0,0,0,0
00863500,INTELLITEC MEDICAL INSTITUTE,CO,809091570,PROPRIETARY,21,21,112399,41,103302
00954200,COMMUNITY COLLEGE OF DENVER,CO,802172026,PUBLIC,8,8,30265,14,30264
02059400,INTERNATIONAL BEAUTY ACADEMY,CO,809183684,PROPRIETARY,0,0,0,0,0
02253700,INTELLITEC COLLEGE,CO,809096096,PROPRIETARY,28,29,166230,53,156962
02267500,GLENWOOD BEAUTY ACADEMY,CO,816012577,PROPRIETARY,6,7,24398,11,22398
02611000,HERITAGE COLLEGE,CO,802127413,PROPRIETARY,116,147,532809,293,495014
03012100,REMINGTON COLLEGE - COLORADO SPRINGS CAMPUS,CO,809183430,PROPRIETARY,98,111,610715,289,547214
03066900,INTELLITEC COLLEGE,CO,815063994,PROPRIETARY,26,28,119208,42,102279
03474400,CENTER OF ADVANCED THERAPEUTICS,CO,802101629,PROPRIETARY,1,1,10000,2,10000
03584400,COLORADO SCHOOL OF HEALING ARTS,CO,802264332,PROPRIETARY,0,0,0,0,0
00137800,CENTRAL CONNECTICUT STATE UNIVERSITY,CT,060502490,PUBLIC,195,211,1065814,385,1061378
00141400,TRINITY COLLEGE,CT,061063100,PRIVATE,187,195,2907045,357,2841981
00280400,RENSSELAER HARTFORD GRADUATE CENTER (THE),CT,061202991,PRIVATE,0,0,0,0,0
00730300,LINCOLN TECHNICAL INSTITUTE,CT,060512904,PROPRIETARY,86,86,751380,158,675482
00730500,PORTER AND CHESTER INSTITUTE OF BRANFORD,CT,064054022,PROPRIETARY,35,37,225915,69,208985
00887200,RENASCI ACADEMY OF HAIR,CT,064604160,PROPRIETARY,0,0,0,0,0
00887300,PAUL MITCHELL THE SCHOOL,CT,068106716,PROPRIETARY,6,6,22800,11,21050
00887400,BRIO ACADEMY OF COSMETOLOGY,CT,064504836,PROPRIETARY,0,0,0,0,0
01077900,PORTER AND CHESTER INSTITUTE,CT,066157158,PROPRIETARY,195,208,1511218,448,1442390
01242500,STONE ACADEMY,CT,065144125,PROPRIETARY,1,1,2425,1,714
02074000,BRANFORD HALL CAREER INSTITUTE,CT,064059811,PROPRIETARY,122,123,850765,205,710654
02106600,FOX INSTITUTE OF BUSINESS,CT,061101922,PROPRIETARY,12,13,72459,21,67930
02112300,RIDLEY - LOWELL BUSINESS & TECHNICAL INSTITUTE,CT,063205548,PROPRIETARY,5,5,33778,8,23506
02134400,CONNECTICUT INSTITUTE OF ART,CT,068306073,PROPRIETARY,2,2,6984,2,6984
02202500,NEW ENGLAND TRACTOR TRAILER TRAINING SCHOOL OF CONNECTICUT,CT,060712036,PROPRIETARY,21,22,85689,29,82296
02244900,GOODWIN COLLEGE,CT,061189980,PRIVATE,40,48,192798,83,180075
02316600,CONNECTICUT CENTER FOR MASSAGE THERAPY,CT,061113975,PROPRIETARY,0,0,0,0,0
03094800,INDUSTRIAL MANAGEMENT & TRAINING INSTITUTE,CT,067061211,PROPRIETARY,3,3,18942,3,13237
00143400,AMERICAN UNIVERSITY (THE),DC,200168020,PRIVATE,686,734,9172461,1195,9049162
00144800,HOWARD UNIVERSITY,DC,200590001,PRIVATE,1041,1083,14222387,1925,13721810
00143100,UNIVERSITY OF DELAWARE,DE,197160099,PUBLIC,1461,1702,14836149,2830,14444625
02190400,SCHILLING - DOUGLAS SCHOOL OF HAIR DESIGN,DE,197117964,PROPRIETARY,13,13,49575,20,42098
03021000,HARRISON CAREER INSTITUTE,DE,198043259,PROPRIETARY,38,39,105968,68,81551
03025800,DAWN CAREER INSTITUTE,DE,198051511,PROPRIETARY,4,4,14466,6,13357
00146700,BETHUNE COOKMAN UNIVERSITY,FL,321143099,PRIVATE,343,409,2435235,641,2318810
00147100,CENTRAL FLORIDA COMMUNITY COLLEGE,FL,344744415,PUBLIC,3,3,12728,6,12728
00147900,EMBRY-RIDDLE AERONAUTICAL UNIVERSITY,FL,321143900,PRIVATE,859,978,10481660,1699,10271204
00148000,FLORIDA AGRICULTURAL & MECHANICAL UNIVERSITY,FL,323073100,PUBLIC,639,692,5021149,1205,4989250
00148600,FLORIDA MEMORIAL UNIVERSITY,FL,330546199,PRIVATE,68,71,380391,122,364894
00151500,ROLLINS COLLEGE,FL,327894499,PRIVATE,74,80,1048100,154,1045212
00151900,SANTA FE COLLEGE,FL,326066200,PUBLIC,0,0,0,0,0
00153500,UNIVERSITY OF FLORIDA,FL,326113150,PUBLIC,500,604,3330043,1069,3270101
00153800,UNIVERSITY OF TAMPA,FL,336061490,PRIVATE,5,6,28054,7,28054
00395500,UNIVERSITY OF WEST FLORIDA (THE),FL,325145750,PUBLIC,93,103,673419,171,624275
00789300,FLAGLER COLLEGE,FL,320854342,PRIVATE,98,102,554858,186,546997
00850100,RASMUSSEN COLLEGE,FL,344717051,PROPRIETARY,0,0,0,0,0
00910400,RIVERSIDE HAIRSTYLING ACADEMY,FL,322073810,PROPRIETARY,0,0,0,0,0
01016100,LORAINE'S ACADEMY,FL,337106391,PROPRIETARY,0,0,0,0,0
02148300,MANHATTAN BEAUTY SCHOOL,FL,336111304,PROPRIETARY,0,0,0,0,0
02151900,KEISER UNIVERSITY,FL,333093700,PROPRIETARY,3,3,22100,3,22196
02200100,BRADENTON BEAUTY & BARBER ACADEMY,FL,342092536,PROPRIETARY,0,0,0,0,0
02245500,FORTIS COLLEGE,FL,327894679,PROPRIETARY,13,15,45461,23,39182
02283800,BEAUTY SCHOOLS OF AMERICA,FL,330123322,PROPRIETARY,12,12,17578,19,16754
02287100,LA BELLE BEAUTY SCHOOL,FL,330123224,PROPRIETARY,0,0,0,0,0
02305800,FLORIDA CAREER COLLEGE,FL,331742521,PROPRIETARY,9,9,37676,21,35546
02325100,KEY COLLEGE,FL,330043046,PROPRIETARY,0,0,0,0,0
02326800,MERIDIAN CAREER INSTITUTE,FL,342408478,PROPRIETARY,0,0,0,0,0
02326900,SUNSTATE ACADEMY,FL,339071415,PROPRIETARY,7,7,36245,12,36331
02337000,SUNCOAST II THE TAMPA BAY SCHOOL OF MASSAGE THERAPY,FL,336073802,PROPRIETARY,11,12,47722,22,45262
02346200,WYOTECH,FL,321741010,PROPRIETARY,80,87,1064248,165,1001258
02502700,ADVANCED CAREER TRAINING,FL,322075627,PROPRIETARY,80,87,530973,157,479473
02515400,CITY COLLEGE,FL,333093073,PRIVATE,29,30,145784,67,114638
02524000,SUNSTATE ACADEMY,FL,337652702,PROPRIETARY,4,4,14764,8,14114
02547600,FLORIDA NATIONAL COLLEGE,FL,330124108,PROPRIETARY,53,55,222435,152,211382
02573200,LA BELLE BEAUTY ACADEMY,FL,331352827,PROPRIETARY,0,0,0,0,0
02597100,HERITAGE INSTITUTE,FL,339127132,PROPRIETARY,6,6,15289,10,14087
02612700,ACADEMY OF COSMETOLOGY - PALM BAY,FL,329052805,PROPRIETARY,0,0,0,0,0
02614600,SUMMIT INSTITUTE,FL,334072151,PROPRIETARY,3,3,8500,5,8560
03008600,FLORIDA COLLEGE OF NATURAL HEALTH,FL,330641342,PROPRIETARY,118,135,397674,257,377262
03018500,BENE'S INTERNATIONAL SCHOOL OF BEAUTY,FL,346521637,PROPRIETARY,5,5,12534,10,12534
03035800,HERITAGE INSTITUTE,FL,322160948,PROPRIETARY,16,16,52337,27,47368
03054200,FORTIS COLLEGE,FL,331442373,PROPRIETARY,1,1,139,2,139
03071600,COLLEGE OF BUSINESS & TECHNOLOGY,FL,331965832,PROPRIETARY,2,2,10333,6,9969
03079900,CITY COLLEGE,FL,327075342,PRIVATE,7,7,17800,17,16501
03100500,VIRGINIA COLLEGE AT PENSACOLA,FL,325015650,PROPRIETARY,4,4,7822,7,6689
03108500,EVERGLADES UNIVERSITY,FL,334310000,PRIVATE,1,4,37546,4,37546
03113400,ACADEMY OF PALM BEACH,FL,334632113,PROPRIETARY,13,13,31394,22,27200
03114700,PRAXIS INSTITUTE,FL,331352657,PROPRIETARY,3,3,4401,6,4401
03123900,KEISER CAREER COLLEGE,FL,334130000,PROPRIETARY,0,0,0,0,0
03125600,MIAMI AD SCHOOL,FL,331395203,PROPRIETARY,24,31,334700,68,320863
03238300,FLORIDA COLLEGE OF INTEGRATIVE MEDICINE,FL,328095721,PROPRIETARY,2,2,9815,3,9815
03346300,ACADEMY FOR PRACTICAL NURSING AND HEALTH OCCUPATIONS,FL,334174574,PRIVATE,4,4,15783,7,13553
03370300,AUDIO RECORDING TECHNOLOGY INSTITUTE,FL,328117231,PROPRIETARY,7,7,64837,14,64837
03390300,LINCOLN TECHNICAL INSTITUTE,FL,327302351,PROPRIETARY,14,14,62723,28,62795
03411400,INTERNATIONAL TRAINING CAREERS,FL,331551462,PRIVATE,0,0,0,0,0
03414500,ACUPUNCTURE AND MASSAGE COLLEGE,FL,331761509,PROPRIETARY,1,1,2355,2,2355
03611400,FLORIDA BARBER ACADEMY,FL,330646739,PROPRIETARY,0,0,0,0,0
03618300,FLORIDA INSTITUTE OF ANIMAL ARTS,FL,327921740,PROPRIETARY,0,0,0,0,0
00154400,ALBANY STATE UNIVERSITY,GA,317052796,PUBLIC,88,97,262017,182,257862
00154700,ATLANTA CHRISTIAN COLLEGE,GA,303441999,PRIVATE,30,30,158188,47,121959
00156100,COLUMBUS STATE UNIVERSITY,GA,319075645,PUBLIC,28,30,124740,52,119095
00156600,FORT VALLEY STATE UNIVERSITY,GA,310303298,PUBLIC,70,72,242386,73,220469
00156800,INTERDENOMINATIONAL THEOLOGICAL CENTER,GA,303144143,PRIVATE,0,0,0,0,0
00157000,SOUTHERN POLYTECHNIC STATE UNIVERSITY,GA,300602896,PUBLIC,14,14,61058,24,55111
00157200,GEORGIA SOUTHERN UNIVERSITY,GA,304608065,PUBLIC,646,735,2663000,1174,2603545
00157400,GEORGIA STATE UNIVERSITY,GA,303033010,PUBLIC,189,212,1264572,336,1213247
00158000,MERCER UNIVERSITY,GA,312070001,PRIVATE,303,358,2312555,578,2216215
00158200,MOREHOUSE COLLEGE,GA,303143773,PRIVATE,637,686,9589318,1226,8916487
00158700,PAINE COLLEGE,GA,309013182,PRIVATE,117,136,630643,219,611806
00158800,PIEDMONT COLLEGE,GA,305355644,PRIVATE,124,140,579778,230,576180
00159000,SAVANNAH STATE UNIVERSITY,GA,314045298,PUBLIC,104,128,421239,344,413076
00159800,UNIVERSITY OF GEORGIA,GA,306021661,PUBLIC,925,1024,6817100,1913,6296608
00159900,VALDOSTA STATE UNIVERSITY,GA,316980001,PUBLIC,551,612,2438464,1109,2397238
00160000,WESLEYAN COLLEGE,GA,312104462,PRIVATE,35,36,197815,64,197919
00160100,UNIVERSITY OF WEST GEORGIA,GA,301180002,PUBLIC,117,125,487873,202,460341
00160200,GEORGIA COLLEGE & STATE UNIVERSITY,GA,310610490,PUBLIC,128,146,507756,245,497922
00922400,DEVRY INSTITUTE OF TECHNOLOGY,GA,300302198,PROPRIETARY,0,0,0,0,0
01157400,BAUDER COLLEGE,GA,303132439,PROPRIETARY,199,242,2246743,636,1995136
01205100,PRO WAY HAIR SCHOOL,GA,300832884,PROPRIETARY,0,0,0,0,0
02089700,HERZING UNIVERSITY,GA,303261332,PROPRIETARY,34,41,149827,69,116463
02141500,SAVANNAH COLLEGE OF ART & DESIGN,GA,314014592,PRIVATE,997,1143,18417165,2885,17757922
02205300,SAVANNAH RIVER COLLEGE,GA,309092116,PROPRIETARY,18,20,66776,49,59705
02284300,INTERACTIVE COLLEGE OF TECHNOLOGY,GA,303412818,PROPRIETARY,1,1,5796,1,5796
02285500,CREATIVE CIRCUS (THE),GA,303244144,PROPRIETARY,6,7,57475,16,47475
02318600,EVEREST INSTITUTE,GA,303038340,PROPRIETARY,0,0,0,0,0
02520000,INTERNATIONAL SCHOOL OF SKIN AND NAILCARE,GA,303421119,PROPRIETARY,0,0,0,0,0
02577000,ARNOLD/PADRICK'S UNIVERSITY OF COSMETOLOGY,GA,302971436,PROPRIETARY,0,0,0,0,0
02578300,INTERNATIONAL CITY BEAUTY COLLEGE,GA,310933631,PROPRIETARY,0,0,0,0,0
02583000,GWINNETT COLLEGE,GA,300473447,PROPRIETARY,5,5,20000,15,15156
02605200,METROPOLITAN BEAUTY ACADEMY,GA,300833113,PROPRIETARY,0,0,0,0,0
03005400,GEORGIA CAREER INSTITUTE,GA,300132076,PROPRIETARY,8,8,36280,11,29368
03042700,LAURUSTECHNICAL INSTITUTE,GA,300301506,PROPRIETARY,15,15,33078,22,32065
03081500,SOUTHEASTERN BEAUTY SCHOOLS,GA,319031820,PROPRIETARY,0,0,0,0,0
03089100,GEORGIA INSTITUTE OF COSMETOLOGY,GA,306063152,PROPRIETARY,0,0,0,0,0
03090600,COBB BEAUTY COLLEGE,GA,301442828,PROPRIETARY,5,5,19175,10,11686
03102000,"RIVERTOWN SCHOOL OF BEAUTY, BARBER, SKIN CARE AND NAILS",GA,319044747,PROPRIETARY,4,4,18333,8,18333
03116100,VOGUE BEAUTY SCHOOL,GA,301412226,PROPRIETARY,5,5,17526,9,16309
03418300,GWINNETT COLLEGE-SANDY SPRINGS,GA,303283161,PROPRIETARY,7,8,46700,11,37259
03445500,FAYETTE BEAUTY ACADEMY,GA,302141191,PROPRIETARY,0,0,0,0,0
00393500,UNIVERSITY OF GUAM,GU,969230000,PUBLIC,0,0,0,0,0
03017800,TRAVEL INSTITUTE OF THE PACIFIC,HI,968141946,PROPRIETARY,9,9,46415,18,46415
00184700,BUENA VISTA UNIVERSITY,IA,505889987,PRIVATE,8,8,39630,13,35080
00185000,CENTRAL COLLEGE,IA,502191999,PRIVATE,62,69,357595,125,346485
00185400,COE COLLEGE,IA,524025092,PRIVATE,175,182,1233476,331,1215782
00185700,SOUTHWESTERN COMMUNITY COLLEGE,IA,508011098,PUBLIC,29,32,83070,54,83070
00186600,GRACELAND UNIVERSITY,IA,501401699,PRIVATE,93,95,555625,167,545759
00186900,IOWA STATE UNIVERSITY OF SCIENCE & TECHNOLOGY,IA,500112028,PUBLIC,429,445,2618204,790,2598229
00187400,LUTHER COLLEGE,IA,521011045,PRIVATE,224,239,1582414,410,1555536
00187700,NORTH IOWA AREA COMMUNITY COLLEGE,IA,504017299,PUBLIC,54,55,147614,91,146973
00188000,MOUNT MERCY COLLEGE,IA,524024797,PRIVATE,30,32,204652,51,204652
00189000,UNIVERSITY OF NORTHERN IOWA,IA,506140705,PUBLIC,1746,1989,9399847,3361,9099624
00189200,UNIVERSITY OF IOWA,IA,522421316,PUBLIC,2494,2748,20210443,4877,19989589
00189500,WALDORF COLLEGE,IA,504361700,PRIVATE,140,161,911231,275,887846
00407600,KIRKWOOD COMMUNITY COLLEGE,IA,524062068,PUBLIC,115,122,475612,219,417933
00422000,HAMILTON COLLEGE,IA,524042998,PROPRIETARY,0,0,0,0,0
00458600,KAPLAN UNIVERSITY,IA,528072095,PROPRIETARY,208,299,1238785,664,1141420
00458700,NORTHEAST IOWA COMMUNITY COLLEGE,IA,521320400,PUBLIC,18,22,70166,52,64266
00459500,HAWKEYE COMMUNITY COLLEGE,IA,507048015,PUBLIC,35,37,196048,98,174347
00712000,DES MOINES AREA COMMUNITY COLLEGE,IA,500213993,PUBLIC,34,37,136071,68,129013
00758800,CAPRI COLLEGE,IA,520040873,PROPRIETARY,31,33,117011,61,114235
00761100,EQ SCHOOL OF HAIR DESIGN,IA,515030813,PROPRIETARY,4,4,16560,7,15216
00771700,CAPRI COLLEGE,IA,528072622,PROPRIETARY,31,36,127006,61,116954
00826000,IOWA SCHOOL OF BEAUTY,IA,503223203,PROPRIETARY,8,8,16651,14,16690
00840300,INDIAN HILLS COMMUNITY COLLEGE,IA,525011398,PUBLIC,92,109,336340,254,313144
00842400,LA' JAMES INTERNATIONAL COLLEGE,IA,505015577,PROPRIETARY,7,7,41900,11,42000
00959300,LA' JAMES INTERNATIONAL COLLEGE,IA,522452164,PROPRIETARY,37,37,250289,64,219082
01206400,HAMILTON TECHNICAL COLLEGE,IA,528072653,PROPRIETARY,57,78,243743,119,235814
01300600,LA'JAMES INTERNATIONAL COLLEGE,IA,506135242,PROPRIETARY,17,17,128700,29,114191
02090300,CAPRI COLLEGE,IA,524040000,PROPRIETARY,34,37,139043,70,133664
02134500,LA' JAMES INTERNATIONAL COLLEGE - DAVENPORT,IA,528063952,PROPRIETARY,10,11,75830,19,72771
02262500,FAUST INSTITUTE OF COSMETOLOGY,IA,505882349,PROPRIETARY,6,6,22810,12,22810
02274100,LA' JAMES INTERNATIONAL COLLEGE - DES MOINES,IA,501318813,PROPRIETARY,41,41,320964,63,298324
02306900,IOWA SCHOOL OF BEAUTY,IA,525012312,PROPRIETARY,1,1,4351,2,4351
02330900,IOWA SCHOOL OF BEAUTY,IA,501584438,PROPRIETARY,4,4,13405,6,9233
02609200,VATTEROTT COLLEGE,IA,503214704,PROPRIETARY,43,49,343592,105,324920
03069100,ALLEN COLLEGE,IA,507031916,PRIVATE,38,39,224331,68,224331
03441300,IOWA SCHOOL OF BEAUTY,IA,511065111,PROPRIETARY,3,3,9830,4,9830
00161600,BOISE STATE UNIVERSITY,ID,837251000,PUBLIC,71,80,390377,134,372330
00161900,COLLEGE OF SOUTHERN IDAHO,ID,833033398,PUBLIC,0,0,0,0,0
00162000,IDAHO STATE UNIVERSITY,ID,832095377,PUBLIC,44,44,217696,78,215393
00162600,UNIVERSITY OF IDAHO,ID,838444291,PUBLIC,163,175,907569,309,903710
00455300,ITT TECHNICAL INSTITUTE,ID,837131529,PROPRIETARY,31,35,141570,77,126578
02298800,CONTINENTAL COLLEGE OF BEAUTY & BARBER STYLING,ID,837045919,PROPRIETARY,0,0,0,0,0
02314000,SCHOOL OF HAIRSTYLING (THE),ID,832023110,PROPRIETARY,1,1,4000,4,4000
00164100,BRADLEY UNIVERSITY,IL,616250002,PRIVATE,511,533,4605445,1016,4509041
00165500,WILBUR WRIGHT COLLEGE,IL,606341591,PUBLIC,0,0,0,0,0
00166400,UNIVERSITY OF SAINT FRANCIS,IL,604356188,PRIVATE,167,172,1189650,282,1168189
00166500,COLUMBIA COLLEGE,IL,606051996,PRIVATE,887,960,7993620,1682,7734809
00167100,DEPAUL UNIVERSITY,IL,606042287,PRIVATE,1564,1688,15220688,4408,14769445
00167400,EASTERN ILLINOIS UNIVERSITY,IL,619203099,PUBLIC,401,419,2282303,724,2192704
00167500,ELGIN COMMUNITY COLLEGE,IL,601237193,PUBLIC,0,0,0,0,0
00167600,ELMHURST COLLEGE,IL,601263296,PRIVATE,218,225,1801602,393,1774674
00168400,GREENVILLE COLLEGE,IL,622461199,PRIVATE,159,166,1052366,301,1049595
00169200,ILLINOIS STATE UNIVERSITY,IL,617901000,PUBLIC,1267,1318,8391914,2411,8297206
00169900,JOLIET JUNIOR COLLEGE,IL,604318938,PUBLIC,3,3,9011,4,9011
00170000,JUDSON UNIVERSITY,IL,601231498,PRIVATE,88,92,690582,178,676447
00170400,KNOX COLLEGE,IL,614014999,PRIVATE,159,164,1235623,435,1219417
00170500,ILLINOIS VALLEY COMMUNITY COLLEGE,IL,613489692,PUBLIC,0,0,0,0,0
00175800,SOUTHERN ILLINOIS UNIVERSITY AT CARBONDALE,IL,629010000,PUBLIC,512,568,2997772,963,2852628
00175900,SOUTHERN ILLINOIS UNIVERSITY EDWARDSVILLE,IL,620261060,PUBLIC,543,583,2266670,995,2132699
00177500,UNIVERSITY OF ILLINOIS AT URBANA-CHAMPAIGN,IL,618205796,PUBLIC,2424,2578,19666140,4585,18995809
00177600,UNIVERSITY OF ILLINOIS AT CHICAGO,IL,606077163,PUBLIC,237,266,1288287,402,1260714
00711800,PARKLAND COLLEGE,IL,618211899,PUBLIC,54,58,303693,108,294501
00726500,CARL SANDBURG COLLEGE,IL,614019576,PUBLIC,7,7,21595,11,21595
00807600,JOHN A. LOGAN COLLEGE,IL,629182500,PUBLIC,0,0,0,0,0
00825900,EDUCATORS OF BEAUTY,IL,610813611,PROPRIETARY,20,20,69610,29,67670
00832800,ALVAREITA'S COLLEGE OF COSMETOLOGY,IL,620252041,PROPRIETARY,6,6,33396,12,33396
00854500,ROCKFORD CAREER  COLLEGE,IL,611083900,PROPRIETARY,4,6,14442,13,14442
00893900,CANNELLA SCHOOL OF HAIR DESIGN,IL,604062130,PROPRIETARY,0,0,0,0,0
00914500,GOVERNORS STATE UNIVERSITY,IL,604660975,PUBLIC,0,0,0,0,0
00947500,EDUCATORS OF BEAUTY,IL,613012404,PROPRIETARY,13,13,48060,22,44710
00959500,CANNELLA SCHOOL OF HAIR DESIGN,IL,606174303,PROPRIETARY,0,0,0,0,0
01031600,LINCOLN COLLEGE OF TECHNOLOGY,IL,601601605,PROPRIETARY,0,0,0,0,0
01069500,TRI COUNTY BEAUTY ACADEMY,IL,620562036,PROPRIETARY,2,2,6367,2,6367
01072700,DEVRY UNIVERSITY,IL,606185994,PROPRIETARY,2278,2897,15815006,4960,14270067
01308800,CAPRI OAK FOREST BEAUTY COLLEGE,IL,604522798,PROPRIETARY,11,11,59325,20,59397
01317800,LAMONT'S INTERNATIONAL SCHOOL OF COSMETOLOGY,IL,615202583,PROPRIETARY,0,0,0,0,0
02069300,VATTEROTT COLLEGE,IL,623055938,PROPRIETARY,10,11,59374,24,46163
02075400,KELLER GRADUATE SCHOOL OF MANAGEMENT,IL,605155683,PROPRIETARY,0,0,0,0,0
02117400,BECK AREA CAREER CENTER,IL,622783368,PUBLIC,1,1,4271,2,4271
02150600,COSMETOLOGY & SPA INSTITUTE,IL,600144003,PROPRIETARY,1,1,2200,2,2200
02168600,EAST WEST UNIVERSITY,IL,606052185,PRIVATE,0,0,0,0,0
02192400,"MR. JOHN'S SCHOOL OF COSMETOLOGY, ESTHETICS & NAILS",IL,625212041,PROPRIETARY,7,7,26178,8,19707
02202600,CANNELLA SCHOOL OF HAIR DESIGN,IL,601811321,PROPRIETARY,1,1,8000,1,8000
02253000,CANNELLA SCHOOL OF HAIR DESIGN,IL,606441471,PROPRIETARY,0,0,0,0,0
02261200,HAIR PROFESSIONALS ACADEMY OF COSMETOLOGY,IL,601189333,PROPRIETARY,21,21,75095,36,67272
02262100,HAIR PROFESSIONALS SCHOOL OF COSMETOLOGY,IL,605439175,PROPRIETARY,10,10,37700,19,36283
02295500,CANNELLA SCHOOL OF HAIR DESIGN,IL,600205401,PROPRIETARY,0,0,0,0,0
02296600,DEVRY INSTITUTE OF TECHNOLOGY,IL,601016106,PROPRIETARY,39,43,268312,73,247845
02297500,OEHRLEIN SCHOOL OF COSMETOLOGY,IL,616112804,PROPRIETARY,21,21,107998,37,101937
02312300,LA' JAMES INTERNATIONAL COLLEGE,IL,612444040,PROPRIETARY,9,9,71700,15,71700
02317300,CONCEPT COLLEGE OF COSMETOLOGY,IL,618328427,PROPRIETARY,4,4,16000,8,16000
02332200,HAIR PROFESSIONALS CAREER COLLEGE,IL,601783164,PROPRIETARY,5,5,15874,9,13874
02349400,ALVAREITA'S COLLEGE OF COSMETOLOGY,IL,620352471,PROPRIETARY,3,3,8490,5,8490
02361900,LINCOLN TECHNICAL INSTITUTE,IL,604531351,PROPRIETARY,0,0,0,0,0
02498200,HAIR PROFESSIONALS ACADEMY OF COSMETOLOGY,IL,601878879,PROPRIETARY,23,23,77907,37,62174
02538100,MR JOHN'S SCHOOL OF COSMETOLOGY,IL,618017262,PROPRIETARY,7,7,28000,9,20000
02556100,ENVIRONMENTAL TECHNICAL INSTITUTE,IL,601431334,PROPRIETARY,96,98,578448,185,555948
02584900,FIRST INSTITUTE,IL,600147489,PROPRIETARY,7,7,33209,12,33172
02587700,HAIR PROFESSIONALS CAREER COLLEGE,IL,604651929,PROPRIETARY,5,5,17383,10,17383
03065300,TREND SETTERS COLLEGE OF COSMETOLOGY,IL,609152101,PROPRIETARY,30,30,184812,55,182886
03078400,CAMEO BEAUTY ACADEMY,IL,604533196,PROPRIETARY,11,11,72150,21,60513
03099800,ILLINOIS SCHOOL OF HEALTH CAREERS,IL,606036337,PROPRIETARY,16,16,57404,30,55644
03101800,ILLINOIS CENTER FOR BROADCASTING,IL,601487015,PROPRIETARY,39,39,263650,116,262260
03199300,CHRISTIAN LIFE COLLEGE,IL,600562522,PRIVATE,0,0,0,0,0
03368300,MIDWEST TECHNICAL INSTITUTE,IL,627078805,PROPRIETARY,15,17,84711,33,81595
03455700,CORTIVA INSTITUTE - CHICAGO,IL,606023315,PROPRIETARY,0,0,0,0,0
03510300,ERIKSON INSTITUTE,IL,606544510,PRIVATE,0,0,0,0,0
00178600,BALL STATE UNIVERSITY,IN,473060880,PUBLIC,2215,2320,14303549,4167,14135093
00179300,EARLHAM COLLEGE,IN,473744095,PRIVATE,90,91,887582,162,878572
00179900,GOSHEN COLLEGE,IN,465264794,PRIVATE,91,94,598618,165,594866
00180900,INDIANA UNIVERSITY - BLOOMINGTON,IN,474051223,PUBLIC,2402,2620,23802216,4542,23431376
00181600,INDIANA UNIVERSITY - SOUTH BEND,IN,466347111,PUBLIC,37,41,154830,59,142262
00182700,PURDUE UNIVERSITY - CALUMET,IN,463232094,PUBLIC,29,29,97969,47,95740
00183000,ROSE - HULMAN INSTITUTE OF TECHNOLOGY,IN,478033999,PRIVATE,355,366,4690133,1002,4319879
00184200,VALPARAISO UNIVERSITY,IN,463836493,PRIVATE,245,257,2186458,453,2174403
00961200,APEX ACADEMY OF HAIR DESIGN,IN,460161558,PROPRIETARY,0,0,0,0,0
01015100,VINCENNES BEAUTY COLLEGE,IN,475911297,PROPRIETARY,1,1,2600,1,2600
02158800,DON ROBERTS BEAUTY SCHOOL,IN,463854597,PROPRIETARY,2,2,6600,4,6600
02164300,DON ROBERTS SCHOOL OF HAIR DESIGN,IN,463759999,PROPRIETARY,6,6,22000,14,21166
02241700,PJ'S COLLEGE OF COSMETOLOGY,IN,471292204,PROPRIETARY,3,3,14714,4,10546
02304800,PJ'S COLLEGE OF COSMETOLOGY,IN,473743103,PROPRIETARY,4,4,29100,7,29100
02308900,MASTERS OF COSMETOLOGY COLLEGE,IN,468091305,PROPRIETARY,2,2,8050,4,8050
02345200,EMPIRE BEAUTY SCHOOL,IN,462373249,PROPRIETARY,1,1,3985,2,3985
02490500,HAIR FASHIONS BY KAYE BEAUTY COLLEGE,IN,462501529,PROPRIETARY,6,6,23956,11,20734
02490800,HAIR FASHIONS BY KAYE BEAUTY COLLEGE,IN,460603128,PROPRIETARY,7,7,26650,12,24613
02607000,HAIR ARTS ACADEMY,IN,474043581,PROPRIETARY,3,3,12295,6,12295
03176300,AVIATION INSTITUTE OF MAINTENANCE,IN,462411445,PROPRIETARY,30,38,215204,71,193892
03262300,DAVID DEMUTH INSTITUTE OF COSMETOLOGY,IN,473744101,PROPRIETARY,0,0,0,0,0
00190900,CLOUD COUNTY COMMUNITY COLLEGE,KS,669011002,PUBLIC,7,7,20726,13,16382
00192100,HIGHLAND COMMUNITY COLLEGE,KS,660354062,PUBLIC,34,34,109946,63,101251
00192300,HUTCHINSON COMMUNITY COLLEGE,KS,675015894,PUBLIC,36,37,92084,59,85286
00192800,KANSAS STATE UNIVERSITY,KS,665061104,PUBLIC,564,614,3312139,1001,3103639
00192900,KANSAS WESLEYAN UNIVERSITY,KS,674016196,PRIVATE,93,108,521274,186,470340
00194000,SOUTHWESTERN COLLEGE,KS,671562499,PRIVATE,31,32,186598,54,168201
00194800,UNIVERSITY OF KANSAS,KS,660457535,PUBLIC,1566,1673,10762243,2920,10652074
00460800,BARTON COUNTY COMMUNITY COLLEGE,KS,675309283,PUBLIC,0,0,0,0,0
00549900,SALINA AREA TECHNICAL COLLEGE,KS,674018195,PUBLIC,1,1,2886,2,2886
00868200,ACADEMY OF HAIR DESIGN,KS,674012803,PROPRIETARY,6,6,16762,10,16780
01046100,EDUCATION AMERICA-TOPEKA TECHNICAL COLLEGE,KS,666182841,PROPRIETARY,0,0,0,0,0
02204900,AMERICAN ACADEMY OF HAIR DESIGN,KS,666112358,PROPRIETARY,6,6,58301,10,58301
02257700,HAYS ACADEMY OF HAIR DESIGN,KS,676013685,PROPRIETARY,1,1,2400,2,2400
02340700,LABARON HAIRDRESSING ACADEMY,KS,662043625,PROPRIETARY,1,1,4000,2,4000
02613000,PINNACLE CAREER INSTITUTE,KS,660462703,PROPRIETARY,9,12,47626,22,41524
03031300,XENON INTERNATIONAL ACADEMY IV,KS,660613765,PROPRIETARY,6,6,31020,10,31020
03066200,BRYAN COLLEGE,KS,666042496,PROPRIETARY,13,13,90440,25,79494
03450300,B-STREET DESIGN SCHOOL OF INTERNATIONAL HAIR STYLING - TOPEKA,KS,666112373,PROPRIETARY,17,17,86285,29,79912
03529300,SIDNEY'S HAIRDRESSING COLLEGE,KS,675017094,PROPRIETARY,4,4,24875,6,21500
00196800,KENTUCKY STATE UNIVERSITY,KY,406012355,PUBLIC,122,128,715011,192,681543
00197600,MOREHEAD STATE UNIVERSITY,KY,403511689,PUBLIC,162,186,751070,326,730544
00198900,UNIVERSITY OF KENTUCKY,KY,405060032,PUBLIC,803,829,6463550,1514,5423065
00461800,SPENCERIAN COLLEGE,KY,402162605,PROPRIETARY,30,31,221315,75,214530
00461900,SULLIVAN UNIVERSITY,KY,402053000,PROPRIETARY,207,259,2595805,617,2194642
00931300,DAYMAR COLLEGE,KY,423015830,PROPRIETARY,0,0,0,0,0
00970700,LEXINGTON COMMUNITY COMMUNITY,KY,405060235,PUBLIC,93,97,557807,173,466820
01042400,SALON PROFESSIONAL ACADEMY THE,KY,405021776,PROPRIETARY,0,0,0,0,0
01208800,SULLIVAN COLLEGE OF TECHNOLOGY AND DESIGN,KY,402184528,PROPRIETARY,180,223,1798341,585,1664159
02279800,ELIZABETHTOWN BEAUTY SCHOOL,KY,427011833,PROPRIETARY,0,0,0,0,0
02337200,PJ'S COLLEGE OF COSMETOLOGY,KY,421013759,PROPRIETARY,11,11,64124,15,57460
02491100,BECKFIELD COLLEGE,KY,410421466,PROPRIETARY,1,1,1167,1,1167
02518900,BARRETT & COMPANY SCHOOL OF HAIR DESIGN,KY,403562152,PROPRIETARY,0,0,0,0,0
03077700,DECKER COLLEGE,KY,402032261,PROPRIETARY,3,3,15024,7,10240
03082800,KENTUCKY CAREER INSTITUTE,KY,402184082,PROPRIETARY,0,0,0,0,0
03106700,MOTIF BEAUTY ACADEMY,KY,403911958,PROPRIETARY,0,0,0,0,0
00200400,DILLARD UNIVERSITY,LA,701223097,PRIVATE,2,2,14500,3,14500
00202600,SOUTHERN UNIVERSITY AT NEW ORLEANS,LA,701260002,PUBLIC,0,0,0,0,0
00203200,XAVIER UNIVERSITY OF LOUISIANA,LA,701251098,PRIVATE,280,289,3130358,528,3045261
00520300,REMINGTON COLLEGE - LAFAYETTE CAMPUS,LA,705085760,PROPRIETARY,0,0,0,0,0
00768600,SOUTHERN UNIVERSITY AT SHREVEPORT - BOSSIER CITY,LA,711074795,PUBLIC,0,0,0,0,0
02117800,AVEDA INSTITUTE LAFAYETTE,LA,705033246,PROPRIETARY,0,0,0,0,0
02166100,ELAINE P. NUNEZ COMMUNITY COLLEGE,LA,700431249,PUBLIC,3,3,9397,3,7613
02197500,BATON ROUGE SCHOOL OF COMPUTERS,LA,708168188,PROPRIETARY,18,19,76431,38,76463
02258400,AVEDA INSTITUTE BATON ROUGE,LA,708162246,PROPRIETARY,0,0,0,0,0
02358600,STAGE ONE HAIR SCHOOL,LA,706051625,PROPRIETARY,1,1,2875,2,2875
02538300,DELTA COLLEGE OF ARTS & TECHNOLOGY,LA,708061529,PROPRIETARY,0,0,0,0,0
02548500,COSMETOLOGY TRAINING CENTER,LA,705033238,PROPRIETARY,0,0,0,0,0
02582200,"GUY'S ACADEMY HAIR, SKIN & NAILS",LA,711052404,PROPRIETARY,4,4,15000,5,11000
02617100,BATON ROUGE COLLEGE,LA,708162246,PROPRIETARY,2,2,7315,4,7315
03010400,CRESCENT CITY SCHOOL OF GAMING & BARTENDING,LA,701195507,PROPRIETARY,11,11,20771,15,17041
03061400,ASCENSION COLLEGE,LA,707372912,PROPRIETARY,30,30,121000,69,110863
03095100,GRETNA CAREER COLLEGE,LA,700532436,PROPRIETARY,7,7,14190,18,11614
03253300,JONESVILLE BEAUTY SCHOOL,LA,713730518,PROPRIETARY,0,0,0,0,0
03294300,BLUE CLIFF COLLEGE,LA,700023458,PROPRIETARY,3,3,6136,4,6136
03322300,CULINARY INSTITUTE OF NEW ORLEANS,LA,701307100,PROPRIETARY,9,9,120383,15,120613
03332600,DELTA COLLEGE,LA,704339042,PROPRIETARY,2,2,8659,3,8659
03356300,MEDICAL TRAINING COLLEGE,LA,708168190,PROPRIETARY,11,11,46855,19,46855
03402300,METROPOLITAN COMMUNITY COLLEGE,LA,700536758,PROPRIETARY,0,0,0,0,0
03422500,BLUE CLIFF COLLEGE,LA,711056520,PROPRIETARY,6,6,14838,8,14862
03422600,BLUE CLIFF COLLEGE,LA,705083858,PROPRIETARY,5,5,12813,8,12813
00211500,AMHERST COLLEGE,MA,010025000,PRIVATE,79,83,1060021,153,1037121
00212000,MERRIMACK COLLEGE,MA,018455800,PRIVATE,448,465,4185846,884,3931845
00212200,BAY PATH COLLEGE,MA,011062212,PRIVATE,0,0,0,0,0
00212600,BERKLEE COLLEGE OF MUSIC,MA,022153693,PRIVATE,414,496,7552808,813,7356353
00213000,BOSTON UNIVERSITY,MA,022151789,PRIVATE,1185,1331,17100452,2291,16971655
00213300,BRANDEIS UNIVERSITY,MA,024532700,PRIVATE,168,183,2398704,320,2394011
00214700,EMMANUEL COLLEGE,MA,021155798,PRIVATE,114,121,970579,214,964581
00215100,BENJAMIN FRANKLIN INSTITUTE OF TECHNOLOGY,MA,021166296,PUBLIC,61,63,408034,121,373320
00215500,HARVARD UNIVERSITY,MA,021383800,PRIVATE,284,287,4603769,560,4571113
00216100,UNIVERSITY OF MASSACHUSETTS - LOWELL,MA,018542881,PUBLIC,189,204,1065088,360,1024278
00216400,NEW ENGLAND COLLEGE OF OPTOMETRY (THE),MA,021151129,PRIVATE,0,0,0,0,0
00217000,HOLYOKE COMMUNITY COLLEGE,MA,010401099,PUBLIC,2,2,9263,2,6176
00217500,QUINSIGAMOND COMMUNITY COLLEGE,MA,016062092,PUBLIC,0,0,0,0,0
00217800,MASSACHUSETTS INSTITUTE OF TECHNOLOGY,MA,021394307,PRIVATE,0,0,0,0,0
00218000,MASSACHUSETTS COLLEGE OF ART AND DESIGN,MA,021155803,PUBLIC,140,147,1177280,277,1127123
00218100,MASSACHUSETTS MARITIME ACADEMY,MA,025323400,PUBLIC,72,72,454494,136,435172
00218300,BRIDGEWATER STATE COLLEGE,MA,023250001,PUBLIC,110,113,480561,199,460787
00218400,FITCHBURG STATE COLLEGE,MA,014202697,PUBLIC,63,63,293106,112,290106
00218800,SALEM STATE COLLEGE,MA,019705353,PUBLIC,0,0,0,0,0
00219200,MOUNT HOLYOKE COLLEGE,MA,010751492,PRIVATE,145,157,2021682,269,1963087
00220900,TRUSTEES OF THE SMITH COLLEGE,MA,010632936,PRIVATE,0,0,0,0,0
00221000,UNIVERSITY OF MASSACHUSETTS - DARTMOUTH,MA,027472300,PUBLIC,174,184,1037232,323,981097
00221700,STONEHILL COLLEGE,MA,023576110,PRIVATE,330,351,3767844,634,3747880
00221800,SUFFOLK UNIVERSITY,MA,021082770,PRIVATE,0,0,0,0,0
00222100,UNIVERSITY OF MASSACHUSETTS - AMHERST,MA,010030000,PUBLIC,984,1047,6727395,1766,6615896
00222500,WENTWORTH INSTITUTE OF TECHNOLOGY,MA,021155998,PRIVATE,276,299,2750018,561,2656481
00222600,WESTERN NEW ENGLAND COLLEGE,MA,011192654,PRIVATE,230,239,2231885,457,2200619
00222900,WILLIAMS COLLEGE,MA,012672600,PRIVATE,79,82,985263,152,967047
00466100,HAMPSHIRE COLLEGE,MA,010023359,PRIVATE,0,0,0,0,0
00527900,GREATER LOWELL REGIONAL VOCATIONAL TECHNICAL SCHOOL,MA,018792214,PUBLIC,0,0,0,0,0
00748800,KAPLAN CAREER INSTITUTE,MA,021291644,PROPRIETARY,0,0,0,0,0
00807800,SPRINGFIELD TECHNICAL COMMUNITY COLLEGE,MA,011019000,PUBLIC,0,0,0,0,0
00964500,SIMON'S ROCK COLLEGE OF BARD,MA,012309702,PRIVATE,107,115,1762812,211,1712200
00987700,HENRI'S SCHOOL OF HAIR DESIGN,MA,014205675,PROPRIETARY,12,12,49600,17,44709
01204200,MANSFIELD BEAUTY SCHOOLS,MA,021695061,PROPRIETARY,8,8,36695,15,32902
01206800,MANSFIELD BEAUTY SCHOOLS,MA,011031410,PROPRIETARY,1,1,4375,1,4375
01288100,MONTACHUSETT REGIONAL VOCATIONAL TECHNICAL SCHOOL,MA,014204649,PUBLIC,0,0,0,0,0
02215100,HALLMARK INSTITUTE OF PHOTOGRAPHY,MA,013761604,PROPRIETARY,82,100,2214145,181,2075124
02325700,LABARON HAIRDRESSING ACADEMY,MA,027406031,PROPRIETARY,10,10,26324,19,24608
02325800,LABARON HAIRDRESSING ACADEMY,MA,023015570,PROPRIETARY,9,9,30836,16,28332
02338200,BAY STATE SCHOOL OF TECHNOLOGY,MA,020212358,PROPRIETARY,14,15,87150,26,75930
03120800,KAY HARVEY HAIRDRESSING ACADEMY,MA,010892701,PROPRIETARY,6,6,21300,11,21300
03316400,FINE MORTUARY COLLEGE,MA,020624766,PROPRIETARY,0,0,0,0,0
00206200,BOWIE STATE UNIVERSITY,MD,207159465,PUBLIC,186,194,1446867,267,1411120
00206800,COPPIN STATE UNIVERSITY,MD,212163698,PUBLIC,0,0,0,0,0
00207600,HOOD COLLEGE,MD,217018575,PRIVATE,75,79,544893,144,538158
00207700,JOHNS HOPKINS UNIVERSITY,MD,212182693,PRIVATE,0,0,0,0,0
00207800,LOYOLA UNIVERSITY MARYLAND,MD,212102699,PRIVATE,0,0,0,0,0
00208300,MORGAN STATE UNIVERSITY,MD,212510002,PUBLIC,0,0,0,0,0
00209100,SALISBURY UNIVERSITY,MD,218016862,PUBLIC,1057,1091,7689947,1943,7541216
00209900,TOWSON UNIVERSITY,MD,212520002,PUBLIC,1590,1680,12387280,2972,12045398
00210600,UNIVERSITY OF MARYLAND - EASTERN SHORE,MD,218534053,PUBLIC,437,448,2883533,813,2786895
00734100,INTERNATIONAL BEAUTY SCHOOL,MD,215022370,PROPRIETARY,2,2,6252,3,4464
00744700,DEL-MAR-VA BEAUTY ACADEMY,MD,218046952,PROPRIETARY,1,1,5000,2,4961
00749100,TESST COLLEGE OF TECHNOLOGY,MD,212271063,PROPRIETARY,0,0,0,0,0
00794600,KAPLAN COLLEGE,MD,217422797,PROPRIETARY,70,92,366945,155,342423
01001400,GARRETT COLLEGE,MD,215411265,PUBLIC,19,23,79610,34,79628
01041000,TESST COLLEGE OF TECHNOLOGY,MD,212862201,PROPRIETARY,14,15,49727,38,49733
01164400,UNIVERSITY OF MARYLAND UNIVERSITY COLLEGE,MD,207838078,PUBLIC,111,113,935428,163,929187
02083600,TESST COLLEGE OF TECHNOLOGY,MD,207052698,PROPRIETARY,18,18,53271,33,51949
02269700,INTERNATIONAL BEAUTY SCHOOL - BEL AIR,MD,210143639,PROPRIETARY,5,5,21003,10,21003
02333000,HAIR ACADEMY,MD,207843002,PROPRIETARY,11,12,33083,16,29354
02343800,MONTGOMERY BEAUTY SCHOOL,MD,209013905,PROPRIETARY,4,4,17268,5,17268
02495100,MARYLAND BEAUTY ACADEMY,MD,211362331,PROPRIETARY,0,0,0,0,0
03027200,BLADES SCHOOL OF HAIR DESIGN,MD,206190226,PROPRIETARY,2,2,6974,4,6974
03064900,AARON'S ACADEMY OF BEAUTY,MD,206022715,PROPRIETARY,1,1,4662,2,4662
03148300,AMERICAN BEAUTY ACADEMY,MD,209021911,PROPRIETARY,6,7,26000,11,24000
03296300,BALTIMORE SCHOOL OF MASSAGE,MD,210902261,PROPRIETARY,43,43,162967,62,157403
03327300,NEW CREATIONS ACADEMY OF HAIR DESIGN,MD,207462960,PROPRIETARY,3,3,9225,5,9225
00203300,UNIVERSITY OF MAINE - PRESQUE ISLE,ME,047692888,PUBLIC,16,16,75907,30,75907
00203900,COLBY COLLEGE,ME,049018840,PRIVATE,38,38,620916,71,619716
00205200,THOMAS COLLEGE,ME,049015097,PRIVATE,53,57,369050,95,337468
00676000,UNIVERSITY OF MAINE - AUGUSTA,ME,043309410,PUBLIC,0,0,0,0,0
00903800,MR BERNARD'S SCHOOL OF HAIR FASHION,ME,042406627,PROPRIETARY,4,4,14000,7,14000
00945900,PIERRE'S SCHOOL OF COSMETOLOGY,ME,041013348,PROPRIETARY,52,54,177726,87,148789
02347100,NEW ENGLAND SCHOOL OF COMMUNICATIONS,ME,044012999,PRIVATE,1,1,3500,1,3500
00223600,ALMA COLLEGE,MI,488011599,PRIVATE,89,94,605162,168,590595
00223800,ANDREWS UNIVERSITY,MI,491040750,PRIVATE,157,165,1451564,287,1388486
00224100,CALVIN COLLEGE,MI,495464388,PRIVATE,75,77,697214,141,697214
00224300,CENTRAL MICHIGAN UNIVERSITY,MI,488590001,PUBLIC,917,979,4799715,1753,4568424
00224900,DAVENPORT UNIVERSITY,MI,495129396,PRIVATE,16,17,33987,27,33187
00225400,MICHIGAN STATE UNIVERSITY COLLEGE OF LAW,MI,488241300,PRIVATE,0,0,0,0,0
00226000,FERRIS STATE UNIVERSITY,MI,493072251,PUBLIC,495,533,2925241,994,2902182
00226200,KETTERING UNIVERSITY,MI,485044898,PRIVATE,106,110,1089683,182,1052310
00226300,GLEN OAKS COMMUNITY COLLEGE,MI,490329784,PUBLIC,1,1,1800,3,1800
00226800,GRAND VALLEY STATE UNIVERSITY,MI,494019403,PUBLIC,325,359,1653547,618,1601473
00227000,HENRY FORD COMMUNITY COLLEGE,MI,481281495,PUBLIC,0,0,0,0,0
00227300,HOPE COLLEGE,MI,494233607,PRIVATE,147,152,1312211,284,1307225
00227500,KALAMAZOO COLLEGE,MI,490063295,PRIVATE,54,55,582231,157,575274
00227600,KELLOGG COMMUNITY COLLEGE,MI,490173397,PUBLIC,2,2,4021,4,4021
00227800,LANSING COMMUNITY COLLEGE,MI,489331293,PUBLIC,139,149,528620,193,524418
00228800,ROCHESTER COLLEGE,MI,483072764,PRIVATE,75,83,455142,136,449884
00229000,MICHIGAN STATE UNIVERSITY,MI,488241113,PUBLIC,3500,3911,22489423,6671,22150825
00229200,MICHIGAN TECHNOLOGICAL UNIVERSITY,MI,499311295,PUBLIC,321,342,2126462,609,2075806
00229300,LAKE SUPERIOR STATE UNIVERSITY,MI,497831691,PUBLIC,248,261,1099048,482,1029101
00230100,NORTHERN MICHIGAN UNIVERSITY,MI,498555316,PUBLIC,273,287,1440011,471,1375312
00230700,OAKLAND UNIVERSITY,MI,483094401,PUBLIC,157,174,640669,272,617878
00231400,SAGINAW VALLEY STATE UNIVERSITY,MI,487100001,PUBLIC,123,129,512728,232,494762
00232500,UNIVERSITY OF MICHIGAN - ANN ARBOR,MI,481091340,PUBLIC,811,855,9857427,1569,9715281
00232600,UNIVERSITY OF MICHIGAN - DEARBORN,MI,481282406,PUBLIC,40,42,163296,69,149118
00232700,UNIVERSITY OF MICHIGAN - FLINT,MI,485021950,PUBLIC,20,21,50941,30,51001
00232800,WASHTENAW COMMUNITY COLLEGE,MI,481054800,PUBLIC,13,13,41898,22,40408
00232900,WAYNE STATE UNIVERSITY,MI,482011306,PUBLIC,0,0,0,0,0
00233000,WESTERN MICHIGAN UNIVERSITY,MI,490083899,PUBLIC,2715,2900,17530987,5113,17303578
00677000,DAVENPORT UNIVERSITY - CENTRAL REGION,MI,486041184,PRIVATE,1,1,4000,1,2000
00890600,MACOMB COMMUNITY COLLEGE,MI,480883896,PUBLIC,0,0,0,0,0
00894600,PORT HURON COSMETOLOGY COLLEGE,MI,483291618,PROPRIETARY,0,0,0,0,0
01082700,DAVID PRESSLEY PROFESSIONAL SCHOOL OF COSMETOLOGY,MI,480673219,PROPRIETARY,0,0,0,0,0
01239900,LEWIS COLLEGE OF BUSINESS,MI,482351498,PRIVATE,1,1,2700,1,1350
02060300,MICHIGAN INSTITUTE OF AVIATION AND TECHNOLOGY,MI,481882533,PROPRIETARY,0,0,0,0,0
02125600,MICHIGAN COLLEGE OF BEAUTY,MI,480835210,PROPRIETARY,9,9,30630,17,27921
02594600,HOWELL COLLEGE OF COSMETOLOGY,MI,488438584,PROPRIETARY,1,1,2000,1,2000
02595700,HILLSDALE BEAUTY COLLEGE,MI,492420000,PROPRIETARY,0,0,0,0,0
03075200,TWIN CITY BEAUTY COLLEGE,MI,490853305,PROPRIETARY,11,11,44485,20,39156
03110300,SALON ACADEMY (THE),MI,490361139,PROPRIETARY,0,0,0,0,0
03125500,TRAVEL EDUCATION INSTITUTE,MI,480752200,PROPRIETARY,3,3,9929,3,9825
03490300,PAUL MITCHELL THE SCHOOL ESCANABA,MI,498290000,PROPRIETARY,1,1,2000,2,2000
00233600,BEMIDJI STATE UNIVERSITY,MN,566012699,PUBLIC,33,34,148058,59,148058
00235300,GUSTAVUS ADOLPHUS COLLEGE,MN,560821498,PRIVATE,159,166,1428145,313,1405744
00236700,MINNESOTA STATE UNIVERSITY MOORHEAD,MN,565630001,PUBLIC,61,64,220032,104,216529
00238800,UNIVERSITY OF MINNESOTA  DULUTH,MN,558122496,PUBLIC,188,198,1070449,343,1064714
00238900,UNIVERSITY OF MINNESOTA - MORRIS,MN,562672113,PUBLIC,11,11,48200,21,48200
00396900,UNIVERSITY OF MINNESOTA - TWIN CITIES,MN,554550422,PUBLIC,2900,3022,20774230,5414,19947414
00406900,UNIVERSITY OF MINNESOTA - CROOKSTON,MN,567165001,PUBLIC,21,22,95266,36,95266
00464800,RASMUSSEN COLLEGE - EAGAN,MN,551221346,PROPRIETARY,10,12,73186,24,72768
00554100,MINNESOTA STATE COMMUNITY AND TECHNICAL COLLEGE,MN,565731405,PUBLIC,10,10,22908,10,20315
00735200,MCCONNELL SCHOOL (THE),MN,554032456,PROPRIETARY,9,10,83351,25,77999
00759000,LAKELAND MEDICAL & DENTAL ACADEMY,MN,554082683,PROPRIETARY,10,12,58604,24,44221
00869400,RASMUSSEN COLLEGE,MN,563013713,PROPRIETARY,50,60,334630,149,316621
00960000,COSMETOLOGY CAREERS UNLTD - DULUTH,MN,558022031,PROPRIETARY,1,1,7000,2,7000
00989200,DULUTH BUSINESS UNIVERSITY,MN,558070000,PROPRIETARY,36,38,273527,78,233833
01049000,REGENCY BEAUTY INSTITUTE,MN,554341015,PROPRIETARY,28,30,185218,51,168821
01101700,HERZING UNIVERSITY,MN,554283548,PROPRIETARY,15,17,90987,35,90984
01168600,RASMUSSEN COLLEGE - EDEN PRAIRIE,MN,553447220,PROPRIETARY,22,22,128955,45,120753
02050300,ACADEMY COLLEGE,MN,554201554,PROPRIETARY,24,30,235135,66,169298
02159800,COSMETOLOGY CAREERS UNLTD - HIBBING,MN,557461734,PROPRIETARY,0,0,0,0,0
02503300,RASMUSSEN COLLEGE - MANKATO,MN,560018658,PROPRIETARY,20,22,119666,53,107957
00245400,UNIVERSITY OF CENTRAL MISSOURI,MO,640935001,PUBLIC,902,1041,4483152,1715,4384850
00246000,CULVER-STOCKTON COLLEGE,MO,634351299,PRIVATE,138,144,754556,258,745786
00248200,MARYVILLE UNIVERSITY OF SAINT LOUIS,MO,631417299,PRIVATE,250,278,1723759,492,1697142
00248800,MISSOURI SOUTHERN STATE UNIVERSITY,MO,648011595,PUBLIC,29,31,105667,55,105667
00249600,NORTHWEST MISSOURI STATE UNIVERSITY,MO,644686001,PUBLIC,794,895,3656010,1527,3627716
00250300,MISSOURI STATE UNIVERSITY,MO,658970094,PUBLIC,5,5,23600,10,23600
00251600,UNIVERSITY OF MISSOURI - COLUMBIA,MO,652111600,PUBLIC,2095,2219,14606724,3988,14349109
00251700,MISSOURI UNIVERSITY OF SCIENCE & TECHNOLOGY,MO,654090250,PUBLIC,85,90,535211,150,504994
00251900,UNIVERSITY OF MISSOURI - SAINT LOUIS,MO,631214499,PUBLIC,141,172,636792,238,619539
00542900,ROLLA TECHNICAL INSTITUTE/CENTER,MO,654013601,PUBLIC,1,1,2500,2,2500
00638500,CHAMBERLAIN COLLEGE OF NURSING,MO,631460000,PROPRIETARY,2,2,11840,4,11840
00952000,NATIONAL ACADEMY OF BEAUTY ARTS,MO,631281307,PROPRIETARY,0,0,0,0,0
00959000,INDEPENDENCE COLLEGE OF COSMETOLOGY,MO,640551105,PROPRIETARY,9,12,28917,17,28917
00960700,HOUSE OF HEAVILIN BEAUTY COLLEGE,MO,641102826,PROPRIETARY,0,0,0,0,0
01040500,PINNACLE CAREER INSTITUTE,MO,641313367,PROPRIETARY,48,53,210739,134,197278
02180200,METRO BUSINESS COLLEGE,MO,637013846,PROPRIETARY,0,0,0,0,0
02277500,HOUSE OF HEAVILIN BEAUTY COLLEGE OF BLUE SPRINGS,MO,640143953,PROPRIETARY,1,1,3900,1,3900
02543800,PARIS II EDUCATIONAL CENTER,MO,641182537,PROPRIETARY,0,0,0,0,0
02555300,PATSY AND ROB'S ACADEMY OF BEAUTY,MO,630742214,PROPRIETARY,1,1,1861,2,1632
02564700,ELAINE STEVEN BEAUTY COLLEGE,MO,631362343,PROPRIETARY,0,0,0,0,0
02599700,VATTEROTT COLLEGE,MO,631342900,PROPRIETARY,357,457,2386941,1138,2282227
03066300,BRYAN COLLEGE,MO,658062507,PROPRIETARY,6,6,29040,6,28976
03110900,HOUSE OF HEAVILIN OF BLUE SPRINGS,MO,640301154,PROPRIETARY,3,3,15400,6,15400
03663400,UNIVERSITY OF COSMETOLOGY,MO,630801910,PROPRIETARY,0,0,0,0,0
00239600,ALCORN STATE UNIVERSITY,MS,390967500,PUBLIC,100,112,347592,169,339386
00242400,MISSISSIPPI VALLEY STATE UNIVERSITY,MS,389411400,PUBLIC,0,0,0,0,0
01146100,WESLEY COLLEGE,MS,390731070,PRIVATE,0,0,0,0,0
02320800,MAGNOLIA COLLEGE OF COSMETOLOGY,MS,392065602,PROPRIETARY,0,0,0,0,0
03525300,BLUE CLIFF COLLEGE,MS,395030000,PROPRIETARY,9,9,28718,12,21952
00253200,MONTANA STATE UNIVERSITY - BOZEMAN,MT,597170001,PUBLIC,423,475,2615024,819,2566054
00290500,NORTH CAROLINA AGRICULTURAL & TECHNICAL STATE UNIVERSITY,NC,274110001,PUBLIC,528,607,3296348,1124,3253364
00290700,UNIVERSITY OF NORTH CAROLINA AT ASHEVILLE,NC,288048503,PUBLIC,117,124,630318,210,614576
00290900,BARBER - SCOTIA COLLEGE,NC,280255187,PRIVATE,37,37,205416,67,205307
00291000,BELMONT ABBEY COLLEGE,NC,280121802,PRIVATE,115,122,949688,219,912872
00291100,BENNETT COLLEGE,NC,274013239,PRIVATE,101,117,743997,180,731900
00292600,ELIZABETH CITY STATE UNIVERSITY,NC,279097806,PUBLIC,80,80,400211,95,392812
00292800,FAYETTEVILLE STATE UNIVERSITY,NC,283014298,PUBLIC,176,178,977692,267,808794
00293300,HIGH POINT UNIVERSITY,NC,272624221,PRIVATE,28,33,222771,60,222903
00293600,JOHNSON C SMITH UNIVERSITY,NC,282165398,PRIVATE,442,466,4752732,873,4651992
00294200,LIVINGSTONE COLLEGE,NC,281445298,PRIVATE,0,0,0,0,0
00295000,NORTH CAROLINA CENTRAL UNIVERSITY,NC,277073198,PUBLIC,407,493,1915401,833,1842355
00296200,SHAW UNIVERSITY,NC,276012393,PRIVATE,168,185,816325,268,798284
00296800,SAINT AUGUSTINE'S COLLEGE,NC,276102298,PRIVATE,147,179,801384,288,789800
00297300,GASTON COLLEGE,NC,280341499,PUBLIC,4,4,9100,6,7900
00298100,WESTERN CAROLINA UNIVERSITY,NC,287239731,PUBLIC,539,580,2652793,1001,2517195
00298400,UNIVERSITY OF NORTH CAROLINA AT WILMINGTON (THE),NC,284033297,PUBLIC,1245,1448,8557733,2558,8189424
00398100,UNIVERSITY OF NORTH CAROLINA SCHOOL OF THE ARTS,NC,271272188,PUBLIC,100,107,840775,295,834217
00781400,BROOKSTONE COLLEGE OF BUSINESS,NC,282620000,PROPRIETARY,0,0,0,0,0
01179900,PAUL MITCHELL THE SCHOOL FAYETTEVILLE,NC,283035364,PROPRIETARY,0,0,0,0,0
02056500,MITCHELL'S HAIR STYLING ACADEMY,NC,278938612,PROPRIETARY,11,11,57291,29,55587
02227800,MITCHELL'S HAIR STYLING ACADEMY,NC,275344271,PROPRIETARY,0,0,0,0,0
02227900,MITCHELL'S HAIR STYLING ACADEMY,NC,278583890,PROPRIETARY,0,0,0,0,0
02286300,CAROLINA BEAUTY COLLEGE,NC,274056843,PROPRIETARY,3,3,11700,6,11700
03064400,REGENCY BEAUTY INSTITUTE,NC,271037150,PROPRIETARY,0,0,0,0,0
02298200,HEADQUARTERS ACADEMY OF HAIR DESIGN,ND,587013914,PROPRIETARY,0,0,0,0,0
00253900,CHADRON STATE COLLEGE,NE,693372690,PUBLIC,137,140,486738,232,424488
00256500,UNIVERSITY OF NEBRASKA,NE,685880419,PUBLIC,1235,1306,6910290,2325,6624099
00472100,LINCOLN SCHOOL OF COMMERCE,NE,685082668,PROPRIETARY,12,15,56016,36,52198
00750100,VATTEROTT COLLEGE,NE,681371237,PROPRIETARY,20,22,120623,23,103887
00849100,NEBRASKA COLLEGE OF BUSINESS,NE,681344125,PROPRIETARY,5,6,27362,17,26795
01019700,EQ SCHOOL OF HAIR DESIGN,NE,681141905,PROPRIETARY,0,0,0,0,0
03023300,VATTEROTT COLLEGE,NE,681371237,PROPRIETARY,38,50,248809,78,247570
00472900,HESSER COLLEGE,NH,031037230,PROPRIETARY,316,355,1714893,601,1560524
00473100,DANIEL WEBSTER COLLEGE,NH,030631300,PROPRIETARY,175,188,2875588,339,2800711
00864500,EMPIRE BEAUTY SCHOOL,NH,032203450,PROPRIETARY,17,17,86782,30,75710
02179600,EMPIRE BEAUTY SCHOOL,NH,038781592,PROPRIETARY,15,15,90505,24,65194
00260900,ROWAN UNIVERSITY,NJ,080281702,PUBLIC,1014,1057,6939016,2042,6853547
00261600,MONMOUTH UNIVERSITY,NJ,077641898,PRIVATE,185,236,1588370,385,1583173
00262100,NEW JERSEY INSTITUTE OF TECHNOLOGY,NJ,071021982,PUBLIC,139,147,801945,227,787536
00262200,KEAN UNIVERSITY,NJ,070837131,PUBLIC,252,296,1215682,516,1198917
00262500,WILLIAM PATERSON UNIVERSITY OF NEW JERSEY,NJ,074702152,PUBLIC,457,494,2338874,880,2233031
00262900,"RUTGERS, THE STATE UNIVERSITY OF NEW JERSEY",NJ,089011281,PUBLIC,909,982,6957373,1748,6795228
00263200,SETON HALL UNIVERSITY,NJ,070792697,PRIVATE,575,627,7246934,1085,7055531
00263900,STEVENS INSTITUTE OF TECHNOLOGY,NJ,070305370,PRIVATE,52,57,594632,95,579138
00474000,MERCER COUNTY COMMUNITY COLLEGE,NJ,086900182,PUBLIC,0,0,0,0,0
00750600,LINCOLN TECHNICAL INSTITUTE,NJ,070835032,PROPRIETARY,0,0,0,0,0
00759300,PARISIAN BEAUTY ACADEMY,NJ,076015509,PROPRIETARY,5,5,22500,7,22500
00849400,HO HO KUS SCHL OF TRADE & TECH SCIENCES,NJ,075131402,PROPRIETARY,0,0,0,0,0
00907800,CAPRI INSTITUTE OF HAIR DESIGN,NJ,070112111,PROPRIETARY,8,8,39300,16,39300
00934400,RAMAPO COLLEGE OF NEW JERSEY,NJ,074301680,PUBLIC,184,199,1191289,351,1160748
01170800,NATURAL MOTION INSTITUTE OF HAIR DESIGN,NJ,073065496,PROPRIETARY,7,7,16625,11,13525
01191100,BRICK COMPUTER SCIENCE INSTITUTE,NJ,087234043,PROPRIETARY,34,35,194771,55,182186
01234600,DOVER BUSINESS COLLEGE,NJ,070112161,PROPRIETARY,52,54,283272,123,266116
01246100,LINCOLN TECHNICAL INSTITUTE,NJ,088202896,PROPRIETARY,0,0,0,0,0
01246200,HOHOKUS - HACKENSACK SCHOOL OF BUSINESS & MEDICAL SCIENCES,NJ,076017197,PROPRIETARY,34,34,154384,91,139113
02053700,EASTWICK COLLEGE,NJ,074462546,PROPRIETARY,22,22,139465,65,127554
02092300,HOHOKUS SCHOOL - RETS/NUTLEY,NJ,071109802,PROPRIETARY,58,65,185039,177,166790
02103700,CAPRI INSTITUTE OF HAIR DESIGN,NJ,076523901,PROPRIETARY,6,6,21000,10,17794
02104000,HARRIS SCHOOL OF BUSINESS,NJ,080022983,PROPRIETARY,4,4,7457,5,7437
02131100,DUCRET SCHOOL OF THE ARTS,NJ,070602802,PRIVATE,1,1,4600,2,4600
02131600,PENNCO TECH,NJ,080129961,PROPRIETARY,113,148,806851,242,716005
02154000,DIVERS ACADEMY OF THE EASTERN SEABOARD,NJ,080811139,PROPRIETARY,18,18,105700,36,105880
02183600,CAPRI INSTITUTE OF HAIR DESIGN,NJ,070331042,PROPRIETARY,12,12,59400,19,44002
02186700,HARRISON CAREER INSTITUTE,NJ,080752404,PROPRIETARY,49,49,172774,90,156441
02219600,OMEGA INSTITUTE,NJ,081094417,PROPRIETARY,8,8,30744,11,30790
02223700,ROBERT FIANCE BEAUTY SCHOOLS,NJ,070934623,PROPRIETARY,2,2,8000,4,8000
02234600,ATLANTIC BEAUTY & SPA ACADEMY,NJ,082322621,PROPRIETARY,3,3,7835,4,3418
02265500,CAPRI INSTITUTE OF HAIR DESIGN,NJ,087247166,PROPRIETARY,9,9,39900,17,34261
02525900,ARTISTIC ACADEMY OF HAIR DESIGN,NJ,079501409,PROPRIETARY,1,1,5000,2,5000
02586800,HARRISON CAREER INSTITUTE-,NJ,083606210,PROPRIETARY,41,45,145131,76,121940
02586900,HARRIS SCHOOL OF BUSINESS,NJ,080841520,PROPRIETARY,16,17,61781,26,52157
03122600,EASTERN INTERNATIONAL COLLEGE,NJ,073063906,PROPRIETARY,12,12,85200,17,78692
03389300,ACADEMY OF MASSAGE THERAPY,NJ,076015708,PROPRIETARY,11,12,19550,18,16605
03530300,KEYSKILLS LEARNING,NJ,070131900,PROPRIETARY,0,0,0,0,0
03536300,INSTITUTE FOR THERAPEUTIC MASSAGE,NJ,074201452,PROPRIETARY,1,1,2631,2,2631
03650600,PC AGE,NJ,073063936,PROPRIETARY,0,0,0,0,0
00265300,NEW MEXICO HIGHLANDS UNIVERSITY,NM,877014436,PUBLIC,0,0,0,0,0
00265500,NEW MEXICO JUNIOR COLLEGE,NM,882409123,PUBLIC,4,4,8451,6,7649
00266300,UNIVERSITY OF NEW MEXICO,NM,871310001,PUBLIC,192,213,1158052,333,1142564
03076100,SOUTHWESTERN COLLEGE,NM,875070000,PRIVATE,0,0,0,0,0
03297300,ROSWELL BEAUTY COLLEGE OF COSMETOLOGY ARTS & SCIENCES,NM,882015752,PROPRIETARY,0,0,0,0,0
00256900,UNIVERSITY OF NEVADA - LAS VEGAS,NV,891541001,PUBLIC,732,821,5954592,1404,5857043
00919200,SIERRA NEVADA COLLEGE,NV,894510000,PRIVATE,33,34,359130,60,323492
02621500,CAREER COLLEGE OF NORTHERN NEVADA,NV,894347905,PROPRIETARY,21,26,75718,58,67339
03043200,KAPLAN COLLEGE,NV,891028618,PROPRIETARY,0,0,0,0,0
00266700,DOWLING COLLEGE,NY,117691999,PRIVATE,119,124,892774,209,817774
00266900,BANK STREET COLLEGE OF EDUCATION,NY,100251898,PRIVATE,0,0,0,0,0
00268500,CAZENOVIA COLLEGE,NY,130351085,PRIVATE,111,122,929389,236,882952
00268700,CUNY BROOKLYN COLLEGE,NY,112102814,PUBLIC,8,8,47493,14,47493
00268800,CITY COLLEGE OF NEW YORK - CUNY,NY,100319198,PUBLIC,6,6,27260,7,17835
00268900,CUNY HUNTER COLLEGE,NY,100655024,PUBLIC,41,44,263105,81,261135
00269000,CUNY QUEENS COLLEGE,NY,113671597,PUBLIC,7,7,26591,12,26187
00269100,CUNY BOROUGH OF MANHATTAN COMMUNITY COLLEGE,NY,100071047,PUBLIC,3,3,15630,4,15630
00269200,CUNY BRONX COMMUNITY COLLEGE,NY,104533102,PUBLIC,0,0,0,0,0
00269300,CUNY JOHN JAY COLLEGE OF CRIMINAL JUSTICE,NY,100191093,PUBLIC,29,30,118232,51,118202
00269400,KINGSBOROUGH COMMMUNITY COLLEGE/CUNY,NY,112352398,PUBLIC,0,0,0,0,0
00269600,NEW YORK CITY COLLEGE OF TECHNOLOGY OF THE CITY UNIVERSITY OF NEW,NY,112012983,PUBLIC,5,7,12029,9,12029
00269700,QUEENSBOROUGH COMMUNITY COLLEGE-CUNY,NY,113641497,PUBLIC,0,0,0,0,0
00269800,COLLEGE OF STATEN ISLAND/CUNY,NY,103146600,PUBLIC,8,8,33170,13,29830
00269900,CLARKSON UNIVERSITY,NY,136991403,PRIVATE,463,492,4233301,888,4205780
00270400,COLLEGE OF NEW ROCHELLE (THE),NY,108052339,PRIVATE,0,0,0,0,0
00271100,CORNELL UNIVERSITY,NY,148532801,PRIVATE,791,842,10633952,1540,10521383
00272200,FORDHAM UNIVERSITY,NY,104585157,PRIVATE,45,49,397326,67,391179
00274200,JUILLIARD SCHOOL (THE),NY,100236588,PRIVATE,37,40,473999,76,469952
00274900,NEW YORK COLLEGE OF PODIATRIC MEDICINE,NY,100351940,PRIVATE,0,0,0,0,0
00275100,LONG ISLAND UNIVERSITY,NY,115481326,PRIVATE,1357,1468,14295656,2797,13786716
00275500,LONG ISLAND UNIVERSITY - SOUTHAMPTON COLLEGE,NY,119684198,PRIVATE,5,5,32600,10,32804
00276800,MARYMOUNT COLLEGE,NY,105913796,PRIVATE,2,3,4982,3,5034
00279100,PACE UNIVERSITY,NY,100381598,PRIVATE,612,680,5832578,1142,5707854
00280300,RENSSELAER POLYTECHNIC INSTITUTE,NY,121803590,PRIVATE,417,441,4660806,776,4583361
00280600,ROCHESTER INSTITUTE OF TECHNOLOGY,NY,146235608,PRIVATE,963,1001,9190093,2617,8990693
00283600,BINGHAMTON UNIVERSITY,NY,139026000,PUBLIC,1613,1659,9697470,3108,9515014
00283700,STATE UNIVERSITY OF NEW YORK AT BUFFALO,NY,142600001,PUBLIC,1755,1822,11490131,3250,11230489
00284100,SUNY COLLEGE AT BROCKPORT,NY,144202914,PUBLIC,347,378,2044862,652,2015378
00284900,STATE UNIVERSITY OF NEW YORK COLLEGE AT PLATTSBURGH,NY,129012681,PUBLIC,606,636,3102926,1056,3068321
00285000,STATE UNIVERSITY OF NEW YORK COLLEGE AT POTSDAM,NY,136762294,PUBLIC,541,577,3082230,653,3031250
00285500,SUNY COLLEGE OF TECHNOLOGY AT CANTON,NY,136171098,PUBLIC,268,268,1422988,457,1363526
00285900,SUNY COLLEGE OF AGRICULTURE & TECHNOLOGY AT MORRISVILLE,NY,134080901,PUBLIC,412,432,2687017,758,2622726
00286100,CAYUGA COMMUNITY COLLEGE - SUNY OFFICE OF COMMUNITY COLLEGE,NY,130213099,PUBLIC,0,0,0,0,0
00286800,HUDSON VALLEY COMMUNITY COLLEGE,NY,121806096,PUBLIC,48,49,230177,88,211173
00287100,MOHAWK VALLEY COMMUNITY COLLEGE - SUNY OFFICE OF COMMUNITY COLLEG,NY,135015394,PUBLIC,108,120,432082,341,394615
00287200,MONROE COMMUNITY COLLEGE,NY,146235780,PUBLIC,31,33,111633,60,102922
00287300,NASSAU COMMUNITY COLLEGE,NY,115306793,PUBLIC,4,4,11438,5,11438
00288300,UTICA COLLEGE,NY,135024892,PRIVATE,278,290,2243743,509,2190774
00289400,UNIVERSITY OF ROCHESTER,NY,146279000,PRIVATE,401,445,4996496,823,4944946
00397900,"TEACHERS COLLEGE, COLUMBIA UNIVERSITY",NY,100276696,PRIVATE,0,0,0,0,0
00475900,CUNY YORK COLLEGE,NY,114510001,PUBLIC,0,0,0,0,0
00476200,CORNELL UNIVERSITY MEDICAL COLLEGE,NY,100214896,PRIVATE,0,0,0,0,0
00476500,CUNY GRADUATE SCHOOL & UNIVERSITY CENTER,NY,100164309,PUBLIC,0,0,0,0,0
00477900,LONG ISLAND UNIVERSITY - BROOKLYN,NY,112015372,PRIVATE,55,56,471457,104,438525
00478800,HERKIMER COUNTY COMMUNITY COLLEGE - SUNY OFFICE OF COMMUNITY COLL,NY,133501598,PUBLIC,107,112,459882,366,412439
00482800,EASTMAN SCHOOL OF MUSIC,NY,146042599,PRIVATE,1,1,10000,2,10000
00678500,SCHENECTADY COUNTY COMMUNITY COLLEGE,NY,123052294,PUBLIC,13,16,79862,29,79266
00702200,CUNY LEHMAN COLLEGE,NY,104681589,PUBLIC,0,0,0,0,0
00727300,CUNY BERNARD M BARUCH,NY,100105518,PUBLIC,8,9,52814,16,52741
00737500,ISLAND DRAFTING & TECHNICAL INSTITUTE,NY,117012704,PROPRIETARY,15,19,85560,35,81680
00739100,BEAUTY SCHOOL OF MIDDLETOWN,NY,109406574,PROPRIETARY,15,17,51227,27,44955
00740100,MANDL SCHOOL,NY,100195516,PROPRIETARY,0,0,0,0,0
00746600,LIM COLLEGE,NY,100225268,PROPRIETARY,109,109,869561,208,864289
00757300,EMPIRE BEAUTY SCHOOL,NY,111034028,PROPRIETARY,9,9,27282,17,25970
00902900,NEIGHBORHOOD PLAYHOUSE SCHOOL OF THE THEATRE (THE),NY,100225017,PRIVATE,3,3,29000,5,29000
00904300,ELMIRA BUSINESS INSTITUTE,NY,149012731,PROPRIETARY,10,13,52945,19,51265
00928300,MIDWAY PARIS BEAUTY SCHOOL,NY,113853453,PROPRIETARY,0,0,0,0,0
00928400,BRITTANY BEAUTY SCHOOL,NY,117561345,PROPRIETARY,18,18,79927,34,66529
00957800,JON LOUIS SCHOOL OF BEAUTY,NY,114325247,PROPRIETARY,3,3,6797,3,4153
01005100,CUNY LAGUARDIA COMMUNITY COLLEGE,NY,111013083,PUBLIC,0,0,0,0,0
01009700,CUNY MEDGAR EVERS COLLEGE,NY,112252010,PUBLIC,0,0,0,0,0
01055100,NEW YORK SCHOOL FOR MEDICAL & DENTAL ASSISTANTS,NY,111012327,PROPRIETARY,25,25,69169,41,69291
01103100,TECHNICAL CAREER INSTITUTES,NY,100012789,PROPRIETARY,12,16,69341,25,57578
01167800,STATE UNIVERSITY OF NEW YORK INSTITUTE OF TECHNOLOGY AT UTICA - R,NY,135043050,PUBLIC,88,88,400034,152,398028
01183000,BERK TRADE & BUSINESS SCHOOL,NY,111010000,PROPRIETARY,11,11,41596,17,41630
01191600,DRAKE BUSINESS SCHOOL,NY,111034005,PRIVATE,9,9,30305,16,30329
01229300,VEEB NASSAU COUNTY SCHOOL OF PRACTICAL NURSING,NY,115533037,PUBLIC,1,1,3500,1,3500
01256100,FIVE TOWNS COLLEGE,NY,117465871,PROPRIETARY,214,231,1751569,384,1727071
02092400,RIDLEY-LOWELL SCHOOL OF BUSINESS,NY,139053190,PROPRIETARY,19,19,86563,39,78554
02093700,LONG ISLAND BUSINESS INSTITUTE,NY,117252997,PROPRIETARY,0,0,0,0,0
02105900,HAIR DESIGN INSTITUTE AT FIFTH AVENUE,NY,112205409,PROPRIETARY,6,6,14825,11,14831
02182200,NEW SCHOOL OF RADIO & TELEVISION,NY,122061106,PROPRIETARY,11,11,74755,19,74755
02294900,INSTITUTE OF AUDIO RESEARCH,NY,100034595,PROPRIETARY,171,179,1299735,315,1079802
02299900,A BUSINESS CAREER INSTITUTE,NY,115012673,PROPRIETARY,3,3,4272,3,4272
02314200,NORTHERN WESTCHESTER SCHOOL OF HAIRDRESSING & COSMETOLOGY,NY,105663805,PROPRIETARY,2,2,12250,3,9425
03088500,NEW YORK INTERNATIONAL BEAUTY SCHOOL,NY,100186504,PROPRIETARY,15,16,59400,29,52635
03096200,CHARLES STUART SCHOOL,NY,112292004,PROPRIETARY,0,0,0,0,0
03172400,CALIBER TRAINING INSTITUTE,NY,100186504,PROPRIETARY,64,64,172530,122,139131
03191300,CUNY SCHOOL OF LAW AT QUEENS COLLEGE,NY,113671300,PUBLIC,0,0,0,0,0
03193300,MANHATTAN SCHOOL OF COMPUTER TECHNOLOGY,NY,112301617,PRIVATE,0,0,0,0,0
03358300,ALLEN SCHOOL,NY,114324901,PROPRIETARY,9,9,22417,17,21455
03361500,WILLSEY INSTITUTE,NY,103011989,PROPRIETARY,2,2,6685,3,6685
03537300,NEW YORK AUTOMOTIVE & DIESEL INSTITUTE,NY,114331433,PROPRIETARY,13,13,52230,26,50260
00301000,ANTIOCH UNIVERSITY,OH,453871608,PRIVATE,66,79,920477,155,877431
00301200,ASHLAND UNIVERSITY,OH,448053799,PRIVATE,325,352,2159569,640,2111968
00301800,BOWLING GREEN STATE UNIVERSITY,OH,434030001,PUBLIC,1300,1377,10962428,2453,10763226
00302400,CASE WESTERN RESERVE UNIVERSITY,OH,441067049,PRIVATE,0,0,0,0,0
00303100,CLEVELAND INSTITUTE OF MUSIC (THE),OH,441061776,PRIVATE,22,22,245383,42,245383
00303700,COLLEGE OF WOOSTER (THE),OH,446912363,PRIVATE,204,212,1671903,413,1659104
00304000,CUYAHOGA COMMUNITY COLLEGE,OH,441152878,PUBLIC,5,5,9629,6,9629
00304200,DENISON UNIVERSITY,OH,430231329,PRIVATE,160,166,1865996,306,1826468
00304500,UNIVERSITY OF FINDLAY (THE),OH,458403695,PRIVATE,211,225,1635831,406,1558664
00305100,KENT STATE UNIVERSITY,OH,442420001,PUBLIC,1775,1857,13041013,3348,12520891
00307300,MARIETTA COLLEGE,OH,457504033,PRIVATE,127,129,1097990,231,1069286
00307600,MIAMI - JACOBS CAREER COLLEGE,OH,454021724,PROPRIETARY,19,22,102673,51,84749
00307700,MIAMI UNIVERSITY,OH,450561831,PUBLIC,958,1040,8134674,1821,8053675
00309000,OHIO STATE UNIVERSITY (THE),OH,432101358,PUBLIC,3598,4019,36090543,10374,34060101
00309900,DEVRY INSTITUTE OF TECHNOLOGY,OH,432092706,PROPRIETARY,30,35,196695,59,173901
00310000,OHIO UNIVERSITY,OH,457012979,PUBLIC,2904,3260,26103260,8614,25070486
00311600,UNIVERSITY OF RIO GRANDE,OH,456743131,PRIVATE,25,28,141623,48,137411
00311900,SINCLAIR COMMUNITY COLLEGE,OH,454021460,PUBLIC,11,11,27110,16,26950
00312100,TIFFIN UNIVERSITY,OH,448832161,PRIVATE,121,142,963393,237,896703
00313100,UNIVERSITY OF TOLEDO,OH,436063390,PUBLIC,1442,1506,9709862,2755,9241705
00314100,WILBERFORCE UNIVERSITY,OH,453841001,PRIVATE,3,3,21600,5,21600
00649400,GOOD SAMARITAN COLLEGE OF NURSING AND HEALTH SCIENCE,OH,452202489,PRIVATE,0,0,0,0,0
00703500,KETTERING COLLEGE OF MEDICAL ARTS,OH,454291299,PRIVATE,22,30,202856,49,196448
00759800,HOCKING TECHNICAL COLLEGE,OH,457649582,PUBLIC,105,119,539729,307,481034
01028000,OHIO STATE BEAUTY ACADEMY,OH,458014950,PROPRIETARY,0,0,0,0,0
01174500,OHIO TECHNICAL COLLEGE,OH,441031228,PROPRIETARY,59,68,494182,173,470710
01284800,MOLER HOLLYWOOD BEAUTY COLLEGE,OH,452132577,PROPRIETARY,0,0,0,0,0
01287000,SOUTHERN STATE COMMUNITY COLLEGE,OH,451339406,PUBLIC,1,1,1800,2,1800
01289600,VIRGINIA MARTI COLLEGE OF ART AND DESIGN,OH,441070778,PROPRIETARY,34,41,309123,112,294578
01313200,INTERNATIONAL COLLEGE OF BROADCASTING,OH,454311898,PROPRIETARY,25,28,135150,42,126716
02052000,OHIO INSTITUTE OF PHOTOGRAPHY & TECHNOLOGY,OH,454391984,PROPRIETARY,123,141,1010904,376,940704
02054300,TRUMBULL BUSINESS COLLEGE,OH,444843250,PROPRIETARY,0,0,0,0,0
02056800,DAYMAR COLLEGE,OH,456011038,PROPRIETARY,16,17,47167,44,45039
02069500,AKRON INSTITUTE OF HERZING UNIVERSITY,OH,443063931,PROPRIETARY,22,23,125369,41,113548
02077800,OHIO ACADEMY - PAUL MITCHELL PARTNER SCHOOL,OH,439522853,PROPRIETARY,0,0,0,0,0
02110700,CLEVELAND INSTITUTE OF DENTAL - MEDICAL ASSISTANTS,OH,441152285,PROPRIETARY,20,22,87282,42,78668
02158500,OHIO BUSINESS COLLEGE,OH,440350701,PROPRIETARY,24,28,115025,62,79494
02269400,EASTERN HILLS ACADEMY OF HAIR DESIGN,OH,452554216,PROPRIETARY,0,0,0,0,0
02269500,WESTERN HILLS SCHOOL OF BEAUTY & HAIR DESIGN,OH,452115222,PROPRIETARY,1,1,6400,2,6400
02301400,OHIO VALLEY COLLEGE OF TECHNOLOGY,OH,439209139,PROPRIETARY,1,1,3035,1,1518
02328500,MOLER - PICKENS BEAUTY COLLEGE,OH,450144260,PROPRIETARY,2,2,8000,3,8000
02334300,INTERNATIONAL ACADEMY OF HAIR DESIGN,OH,452393926,PROPRIETARY,0,0,0,0,0
02336300,KNOX COUNTY CAREER CENTER,OH,430504298,PUBLIC,1,1,6000,2,6000
02349900,TRI-STATE SEMI DRIVER TRAINING,OH,450421299,PROPRIETARY,1,1,5123,2,3043
02560000,CASAL AVEDA INSTITUTE,OH,445152240,PROPRIETARY,0,0,0,0,0
02582900,KAPLAN CAREER INSTITUTE,OH,441296810,PROPRIETARY,0,0,0,0,0
03007900,GALLIPOLIS CAREER COLLEGE,OH,456312600,PROPRIETARY,1,1,6000,4,4570
03024300,VALLEY BEAUTY SCHOOL,OH,437252332,PROPRIETARY,2,2,12200,2,12200
03065800,OHIO INSTITUTE OF HEALTH CAREERS,OH,440352394,PROPRIETARY,14,14,94732,30,60794
03068200,OHIO CENTER FOR BROADCASTING,OH,441256273,PROPRIETARY,62,62,469863,171,456215
03077800,BROWN MACKIE COLLEGE-NORTH CANTON,OH,447183674,PROPRIETARY,3,3,4700,6,4700
03078000,OHIO CENTER FOR BROADCASTING,OH,452271509,PROPRIETARY,8,8,52898,11,52898
03079000,ETI TECHNICAL COLLEGE OF NILES,OH,444464398,PROPRIETARY,6,7,27000,15,25177
03100100,PARAMOUNT BEAUTY ACADEMY,OH,456624136,PROPRIETARY,1,1,4000,2,4000
03319300,CREATIVE IMAGES INSTITUTE OF COSMETOLOGY,OH,454142557,PROPRIETARY,1,1,1582,2,1582
03534400,AMERICAN INSTITUTE OF ALTERNATIVE MEDICINE,OH,432291113,PROPRIETARY,8,8,45423,14,38751
00315700,LANGSTON UNIVERSITY,OK,730500000,PUBLIC,0,0,0,0,0
00317000,OKLAHOMA STATE UNIVERSITY,OK,740781015,PUBLIC,1845,1959,11744145,3503,11234200
00318300,SAINT GREGORY'S UNIVERSITY,OK,748042499,PRIVATE,37,39,251537,73,251537
02184400,SAND SPRINGS BEAUTY COLLEGE,OK,740630759,PROPRIETARY,1,1,4000,1,2000
02510300,BEAUTY TECHNICAL COLLEGE,OK,744651506,PROPRIETARY,0,0,0,0,0
03010300,POTEAU BEAUTY COLLEGE,OK,749535400,PROPRIETARY,0,0,0,0,0
03078500,TECHNICAL INSTITUTE OF COSMETOLOGY ARTS & SCIENCES,OK,741203610,PROPRIETARY,0,0,0,0,0
03089400,SCHOOL OF HAIR DESIGN,OK,747453447,PROPRIETARY,0,0,0,0,0
03109800,PONCA CITY BEAUTY COLLEGE,OK,746014201,PROPRIETARY,0,0,0,0,0
03115100,HERITAGE COLLEGE,OK,731490000,PROPRIETARY,2,2,5024,2,5060
03329400,PRYOR BEAUTY COLLEGE,OK,743610000,PROPRIETARY,0,0,0,0,0
03453400,SHAWNEE BEAUTY COLLEGE,OK,748017014,PROPRIETARY,1,1,3100,1,3100
00133900,CORBAN COLLEGE,OR,973019392,PRIVATE,53,55,418198,104,398303
00318900,CLATSOP COMMUNITY COLLEGE,OR,971033698,PUBLIC,4,4,12475,7,11144
00319400,GEORGE FOX UNIVERSITY,OR,971322697,PRIVATE,1,1,8167,1,8167
00319600,LANE COMMUNITY COLLEGE,OR,974050640,PUBLIC,0,0,0,0,0
00320900,WESTERN OREGON UNIVERSITY,OR,973611394,PUBLIC,510,527,2977196,1384,2914147
00321000,OREGON STATE UNIVERSITY,OR,973318507,PUBLIC,1125,1244,7862837,3142,7666365
00321200,PACIFIC UNIVERSITY,OR,971161797,PRIVATE,106,109,843114,196,839218
00321600,PORTLAND STATE UNIVERSITY,OR,972010000,PUBLIC,351,374,2931256,834,2554475
00321900,SOUTHERN OREGON UNIVERSITY,OR,975205010,PUBLIC,504,534,3591576,1385,3491090
00322100,TREASURE VALLEY COMMUNITY COLLEGE,OR,979143423,PUBLIC,15,17,63161,23,60161
00322200,UMPQUA COMMUNITY COLLEGE,OR,974700226,PUBLIC,0,0,0,0,0
00322300,UNIVERSITY OF OREGON,OR,974031226,PUBLIC,1828,2002,15434579,5142,14469510
00488200,OREGON HEALTH & SCIENCE UNIVERSITY,OR,972393098,PUBLIC,51,57,807759,174,730749
00953200,A'ART COLLEGE OF BEAUTY,OR,974051195,PROPRIETARY,0,0,0,0,0
00958100,SPRINGFIELD COLLEGE OF BEAUTY,OR,974775474,PROPRIETARY,1,1,2000,1,1000
01050700,ACADEMY OF HAIR DESIGN,OR,973013526,PROPRIETARY,0,0,0,0,0
02101000,NORTHWEST COLLEGE,OR,970867702,PROPRIETARY,2,2,6618,3,5796
02330100,PIONEER PACIFIC COLLEGE,OR,970709950,PROPRIETARY,57,72,210767,156,183541
02578800,NORTHWEST NANNIES INSTITUTE,OR,970351215,PROPRIETARY,5,5,18000,10,18060
00326700,GENEVA COLLEGE,PA,150103599,PRIVATE,90,96,573560,174,558262
00327200,HARCUM COLLEGE,PA,190103476,PRIVATE,71,79,474790,148,464798
00329400,MANOR COLLEGE,PA,190463399,PRIVATE,50,50,197333,89,183373
00329800,MESSIAH COLLEGE,PA,170270800,PRIVATE,302,319,2873586,574,2866605
00339900,YORK COLLEGE OF PENNSYLVANIA,PA,174057199,PRIVATE,448,469,2694547,823,2604815
00681000,LEHIGH CARBON COMMUNITY COLLEGE,PA,180782598,PUBLIC,4,4,30178,5,30178
00743600,KAPLAN CAREER INSTITUTE - ICM CAMPUS,PA,152221977,PROPRIETARY,225,319,1707732,746,1460663
00743700,PITTSBURGH TECHNICAL INSTITUTE,PA,150713205,PROPRIETARY,111,150,602136,345,573341
00775900,LINCOLN TECHNICAL INSTITUTE,PA,181043298,PROPRIETARY,0,0,0,0,0
00778100,CHI INSTITUTE/RETS CAMPUS,PA,190083516,PROPRIETARY,84,86,486462,206,417460
00783200,LINCOLN TECHNICAL INSTITUTE,PA,191361595,PROPRIETARY,0,0,0,0,0
00944900,PENNCO TECH,PA,190073696,PROPRIETARY,132,170,850289,302,772269
01099800,PENNSYLVANIA INSTITUTE OF TECHNOLOGY,PA,190634098,PRIVATE,4,5,13180,7,13180
01313400,YESHIVATH BETH MOSHE,PA,185052196,PRIVATE,0,0,0,0,0
02112200,GREAT LAKES INSTITUTE OF TECHNOLOGY,PA,165092482,PROPRIETARY,51,55,320574,88,295434
02147800,SCHUYLKILL INSTITUTE OF BUSINESS & TECHNOLOGY,PA,179013004,PROPRIETARY,23,25,117265,46,111758
02178900,JOLIE HAIR & BEAUTY ACADEMY OF HAZLETON,PA,182021465,PROPRIETARY,0,0,0,0,0
02183000,ORLEANS TECHNICAL INSTITUTE,PA,191141014,PRIVATE,22,22,77984,41,69752
02206200,MAGNOLIA SCHOOL,PA,190024527,PROPRIETARY,3,3,8863,6,8863
02212700,LANCASTER SCHOOL OF COSMETOLOGY,PA,176023222,PROPRIETARY,0,0,0,0,0
02253900,BERKS TECHNICAL INSTITUTE,PA,196101168,PROPRIETARY,112,135,784607,236,753081
02289500,PACE INSTITUTE,PA,196013542,PROPRIETARY,15,18,76000,30,60377
02289700,JOLIE HAIR & BEAUTY ACADEMY OF WILKES BARRE,PA,187025354,PROPRIETARY,0,0,0,0,0
02289800,CHI INSTITUTE,PA,191540000,PROPRIETARY,114,120,720773,315,659000
02301300,PJA SCHOOL,PA,190821917,PROPRIETARY,0,0,0,0,0
02304400,YTI CAREER INSTITUTE - CAPITAL REGION,PA,170554989,PROPRIETARY,2,2,8973,4,8446
02539900,STAR TECHNICAL INSTITUTE,PA,190824519,PROPRIETARY,25,26,96944,48,95760
02558700,PRISM CAREER INSTITUTE,PA,191522923,PROPRIETARY,25,26,134238,52,132688
02615400,STAR TECHNICAL INSTITUTE,PA,191142204,PROPRIETARY,21,23,86196,40,79512
03011500,ALLIED MEDICAL AND TECHNICAL INSTITUTE,PA,187042936,PROPRIETARY,0,0,0,0,0
03011600,ALLIED MEDICAL AND TECHNICAL INSTITUTE,PA,185092903,PROPRIETARY,0,0,0,0,0
03031600,DPT BUSINESS SCHOOL,PA,191163961,PROPRIETARY,56,61,294567,111,256516
03067000,ANTONELLI MEDICAL & PROFESSIONAL INSTITUTE,PA,194649244,PROPRIETARY,2,2,6550,4,6600
03081900,YTI CAREER INSTITUTE - ALTOONA,PA,166024457,PROPRIETARY,1,1,5641,2,5641
03085200,HARRISON CAREER INSTITUTE,PA,191035402,PROPRIETARY,37,38,74154,64,59420
03103300,JNA INSTITUTE OF CULINARY ARTS,PA,191463119,PROPRIETARY,9,9,44460,15,44460
03109100,METROPOLITAN CAREER CENTER/COMPUTER TECHNOLOGY INSTITUTE,PA,191101023,PRIVATE,0,0,0,0,0
03128800,GECAC TRAINING INSTITUTE,PA,165021137,PRIVATE,0,0,0,0,0
03307300,CSC INSTITUTE,PA,189664250,PROPRIETARY,9,9,36696,15,36696
00393600,PONTIFICAL CATHOLIC UNIVERSITY OF PUERTO RICO (THE),PR,007179997,PRIVATE,0,0,0,0,0
00393700,UNIVERSITY OF THE SACRED HEART,PR,009140383,PRIVATE,3,3,10329,3,10329
00393800,INTER AMERICAN UNIVERSITY OF PUERTO RICO,PR,009260000,PRIVATE,8,8,25000,8,25000
00393900,INTER AMERICAN UNIVERSITY OF PUERTO RICO - AGUADILLA,PR,00605,PRIVATE,0,0,0,0,0
00394000,INTER AMERICAN UNIVERSITY OF PUERTO RICO - METROPOLITAN,PR,00927,PRIVATE,0,0,0,0,0
00394100,UNIVERSIDAD DEL ESTE,PR,009842010,PRIVATE,0,0,0,0,0
00502200,BAYAMON CENTRAL UNIVERSITY,PR,009601725,PRIVATE,0,0,0,0,0
00502600,INTER AMERICAN UNIVERSITY OF PUERTO RICO - ARECIBO,PR,00613,PRIVATE,0,0,0,0,0
00502700,INTER AMERICAN UNIVERSITY OF PUERTO RICO - BARRANQUITAS,PR,00794,PRIVATE,0,0,0,0,0
00502800,INTER AMERICAN UNIVERSITY OF PUERTO RICO - BAYAMON,PR,00957,PRIVATE,0,0,0,0,0
00502900,INTER AMERICAN UNIVERSITY OF PUERTO RICO - PONCE,PR,00715,PRIVATE,0,0,0,0,0
01171900,UNIVERSIDAD DEL TURABO,PR,007780000,PRIVATE,0,0,0,0,0
01194000,INSTITUTO COMERCIAL DE PUERTO RICO JUNIOR COLLEGE,PR,009183611,PROPRIETARY,0,0,0,0,0
01194100,AMERICAN UNIVERSITY OF PUERTO RICO,PR,009602037,PRIVATE,0,0,0,0,0
01252500,CARIBBEAN UNIVERSITY,PR,009600493,PRIVATE,0,0,0,0,0
02165100,EDP COLLEGE OF PUERTO RICO,PR,009192303,PRIVATE,0,0,0,0,0
02282700,INTER AMERICAN UNIVERSITY OF PUERTO RICO - GUAYAMA,PR,00785,PRIVATE,0,0,0,0,0
02282800,INTER AMERICAN UNIVERSITY OF PUERTO RICO - FAJARDO,PR,007380000,PRIVATE,0,0,0,0,0
02534900,PONCE PARAMEDICAL COLLEGE (POPAC),PR,007162901,PROPRIETARY,0,0,0,0,0
02566800,PUERTO RICO TECH JUNIOR COLLEGE,PR,009175013,PROPRIETARY,0,0,0,0,0
02587500,UNIVERSIDAD METROPOLITANA,PR,009262602,PRIVATE,1,1,3718,2,3718
03116000,INTER AMERICAN UNIVERSITY OF PUERTO RICO - SAN GERMAN CAMPUS,PR,00927,PRIVATE,0,0,0,0,0
00340100,BROWN UNIVERSITY,RI,029129127,PRIVATE,356,376,6055928,688,5850117
00340600,PROVIDENCE COLLEGE,RI,029180001,PRIVATE,345,350,3901079,659,3829260
00341400,UNIVERSITY OF RHODE ISLAND,RI,028810000,PUBLIC,878,927,8096398,1690,7869220
00342000,BENEDICT COLLEGE,SC,292041086,PRIVATE,448,476,3254272,836,3059419
00342300,"CITADEL, THE MILITARY COLLEGE OF SOUTH CAROLINA",SC,294090002,PUBLIC,484,518,5067172,883,4783869
00342500,CLEMSON UNIVERSITY,SC,296340001,PUBLIC,141,154,1076600,270,1076600
00342800,COLLEGE OF CHARLESTON,SC,294240100,PUBLIC,1155,1257,9428832,2156,9386808
00343900,MORRIS COLLEGE,SC,291503599,PRIVATE,68,81,311875,120,300972
00345600,WINTHROP UNIVERSITY,SC,297330001,PUBLIC,0,0,0,0,0
00399100,GREENVILLE TECHNICAL COLLEGE,SC,296072439,PUBLIC,0,0,0,0,0
01209200,KENNETH SHULER SCHOOL OF COSMETOLOGY,SC,297322169,PROPRIETARY,0,0,0,0,0
02341100,KENNETH SHULER SCHOOL OF COSMETOLOGY & NAILS,SC,292107306,PROPRIETARY,1,1,3200,1,3200
02356600,CHARLESTON COSMETOLOGY INSTITUTE,SC,294207319,PROPRIETARY,3,3,4733,5,4733
02552400,ACADEMY OF HAIR TECHNOLOGY,SC,296152363,PROPRIETARY,2,2,7700,2,6100
03088300,ACADEMY OF COSMETOLOGY,SC,294185667,PROPRIETARY,0,0,0,0,0
03258300,SOUTHERN METHODIST COLLEGE,SC,291161027,PRIVATE,0,0,0,0,0
03293300,STRAND COLLEGE OF HAIR DESIGN,SC,295724310,PROPRIETARY,1,1,1774,2,1774
00405700,NATIONAL AMERICAN UNIVERSITY,SD,577013692,PROPRIETARY,17,20,60078,34,60078
00349000,FISK UNIVERSITY,TN,372083045,PRIVATE,71,72,643537,124,605961
00349900,LANE COLLEGE,TN,383014598,PRIVATE,82,91,334991,135,319276
00350100,LEMOYNE - OWEN COLLEGE,TN,381266510,PRIVATE,35,37,191279,57,180426
00350900,UNIVERSITY OF MEMPHIS (THE),TN,381524611,PUBLIC,213,237,1130937,393,1065059
00352200,TENNESSEE STATE UNIVERSITY,TN,372091561,PUBLIC,0,0,0,0,0
00352300,TENNESSEE TECHNOLOGICAL UNIVERSITY,TN,385050001,PUBLIC,0,0,0,0,0
00493800,SOUTH COLLEGE,TN,379093323,PROPRIETARY,0,0,0,0,0
00494700,WEST TENNESSEE BUSINESS COLLEGE,TN,383013256,PROPRIETARY,10,10,43266,17,38593
00683600,MOTLOW STATE COMMUNITY COLLEGE,TN,373887972,PUBLIC,0,0,0,0,0
00998200,CRICHTON COLLEGE,TN,381114745,PRIVATE,23,25,133942,41,112511
02204200,"CHATTANOOGA COLLEGE - MEDICAL, DENTAL AND TECHNICAL CAREERS",TN,374113798,PROPRIETARY,0,0,0,0,0
02540000,TENNESSEE ACADEMY OF COSMETOLOGY,TN,381338940,PROPRIETARY,0,0,0,0,0
02595000,FAYETTEVILLE COLLEGE OF COSMETOLOGY ARTS & SCIENCES,TN,373342909,PROPRIETARY,1,1,1510,1,1510
02614200,MILLER - MOTTE TECHNICAL COLLEGE,TN,370406023,PROPRIETARY,0,0,0,0,0
03008800,FRANKLIN ACADEMY,TN,373123939,PRIVATE,6,6,17397,9,12927
03024900,TENNESSEE ACADEMY OF COSMETOLOGY,TN,381253442,PROPRIETARY,0,0,0,0,0
03219300,TENNESSEE INSTITUTE OF HEALING ARTS,TN,374211774,PROPRIETARY,8,9,64068,13,55896
00356300,DEL MAR COLLEGE,TX,784043897,PUBLIC,0,0,0,0,0
00356500,TEXAS A&M UNIVERSITY - COMMERCE,TX,754293011,PUBLIC,0,0,0,0,0
00360400,RICE UNIVERSITY,TX,770051892,PRIVATE,179,185,2227158,324,2189148
00361500,TEXAS STATE UNIVERSITY-SAN MARCOS,TX,786664602,PUBLIC,907,963,6414254,1754,6147880
00362600,TARRANT COUNTY COLLEGE DISTRICT,TX,761026599,PUBLIC,0,0,0,0,0
00366900,WILEY COLLEGE,TX,756705199,PRIVATE,8,8,30160,9,30196
00495200,UNIVERSITY OF TEXAS MEDICAL BRANCH AT GALVESTON,TX,775551305,PUBLIC,5,5,41705,10,41704
00946600,KAPLAN COLLEGE,TX,782166255,PROPRIETARY,123,129,380633,208,361309
01005900,AMERICAN COMMERCIAL COLLEGE,TX,797624258,PROPRIETARY,0,0,0,0,0
01013000,WADE COLLEGE,TX,752073199,PROPRIETARY,35,53,300647,89,273327
01013900,DEVRY INSTITUTE OF TECHNOLOGY,TX,750632440,PROPRIETARY,6,6,35900,7,28265
01050900,HALLMARK COLLEGE OF TECHNOLOGY,TX,782301736,PROPRIETARY,1,2,5781,2,5781
01202000,VICTORIA BEAUTY COLLEGE,TX,779016233,PROPRIETARY,1,1,2000,1,1000
01248300,COSMETOLOGY CAREER CENTER,TX,750062566,PROPRIETARY,0,0,0,0,0
01293000,CHARLES & SUE'S SCHOOL OF HAIR DESIGN,TX,778022798,PROPRIETARY,8,8,55350,25,52830
02098300,WESTERN TECHNICAL COLLEGE,TX,799272105,PROPRIETARY,22,23,78213,34,74366
02119200,COURT REPORTING INSTITUTE OF DALLAS,TX,752476913,PROPRIETARY,0,0,0,0,0
02254800,TEXAS VOCATIONAL SCHOOL,TX,779015625,PROPRIETARY,8,9,32250,16,30300
02267100,EXPOSITO SCHOOL OF HAIR DESIGN,TX,791093208,PROPRIETARY,0,0,0,0,0
02318200,KD STUDIO,TX,752072111,PROPRIETARY,29,34,253507,60,222785
02538900,INTERNATIONAL BUSINESS COLLEGE,TX,794143509,PROPRIETARY,19,19,109327,31,96915
02557400,STAR COLLEGE OF COSMETOLOGY,TX,759614645,PROPRIETARY,0,0,0,0,0
02568100,TEXAS BARBER COLLEGES & HAIRSTYLING SCHOOLS,TX,770633949,PROPRIETARY,0,0,0,0,0
02591900,CAREER CENTERS OF TEXAS - EL PASO,TX,799071525,PROPRIETARY,57,62,185974,100,176207
03010000,VANGUARD INSTITUTE OF TECHNOLOGY,TX,785507911,PROPRIETARY,0,0,0,0,0
03023800,AIMS ACADEMY,TX,750067417,PROPRIETARY,0,0,0,0,0
03025000,TEXAS COLLEGE OF COSMETOLOGY,TX,796052001,PROPRIETARY,2,2,4022,2,3836
03026100,POLYTECHNIC INSTITUTE,TX,770222914,PROPRIETARY,13,13,25325,25,23677
03061800,STAR COLLEGE OF COSMETOLOGY,TX,757028214,PROPRIETARY,0,0,0,0,0
03119600,SAVANT TRAINING & TECHNOLOGY,TX,782075254,PROPRIETARY,2,2,4860,2,4896
03128100,ACADEMY OF HEALTH CARE PROFESSIONS (THE),TX,770928108,PROPRIETARY,18,18,101387,33,88247
03144300,NATIONAL BEAUTY COLLEGE,TX,750434046,PROPRIETARY,0,0,0,0,0
03153300,AMERICAN COLLEGE OF ACUPUNCTURE & ORIENTAL MEDICINE,TX,770634104,PROPRIETARY,0,0,0,0,0
03156400,ACADEMY OF ORIENTAL MEDICINE AT AUSTIN,TX,787571132,PROPRIETARY,0,0,0,0,0
03159300,ARLINGTON MEDICAL INSTITUTE,TX,760112645,PROPRIETARY,5,5,18029,9,17412
03237400,FARIS COMPUTER SCHOOL,TX,776273829,PROPRIETARY,1,1,2062,2,2062
03275300,TOUCH OF CLASS SCHOOL OF COSMETOLOGY,TX,754026314,PROPRIETARY,0,0,0,0,0
03371300,TONI&GUY HAIRDRESSING ACADEMY,TX,750062351,PROPRIETARY,7,7,49300,14,48512
03398500,DSU TRAINING INSTITUTE,TX,770042900,PROPRIETARY,0,0,0,0,0
03426300,ACADEMY OF HEALTH CARE PROFESSIONS (THE),TX,787521470,PROPRIETARY,0,0,0,0,0
03486300,SYLVIA'S INTERNATIONAL SCHOOL OF BEAUTY,TX,770913203,PROPRIETARY,2,2,7600,4,7600
03551400,STATE BEAUTY ACADEMY,TX,751163501,PROPRIETARY,0,0,0,0,0
03556400,KUSSAD INSTITUTE OF COURT REPORTING,TX,787045712,PROPRIETARY,0,0,0,0,0
01116600,UTAH CAREER COLLEGE,UT,840884021,PROPRIETARY,40,41,222637,87,196567
02361000,ITT TECHNICAL INSTITUTE,UT,841232500,PROPRIETARY,18,21,78246,37,68952
02572800,VISTA COLLEGE,UT,840150000,PROPRIETARY,4,4,18367,7,15694
03339400,WESTERN GOVERNORS UNIVERSITY,UT,841072533,PRIVATE,0,0,0,0,0
00370900,EMORY & HENRY COLLEGE,VA,243270010,PRIVATE,227,232,1577134,407,1559920
00371400,HAMPTON UNIVERSITY,VA,236680099,PRIVATE,1107,1147,13324013,2136,13218401
00371500,HOLLINS UNIVERSITY,VA,240194421,PRIVATE,143,152,1065317,287,1037466
00372400,MARYMOUNT UNIVERSITY,VA,222074224,PRIVATE,0,0,0,0,0
00372700,NORTHERN VIRGINIA COMMUNITY COLLEGE,VA,220033743,PUBLIC,8,8,28187,13,23613
00372800,OLD DOMINION UNIVERSITY,VA,235290001,PUBLIC,369,422,2437004,739,2309321
00373500,VIRGINIA COMMONWEALTH UNIVERSITY,VA,232849004,PUBLIC,795,874,4543921,1454,4481366
00373700,SHENANDOAH UNIVERSITY,VA,226015195,PRIVATE,335,358,3207708,651,3010636
00373900,SAINT PAUL'S COLLEGE,VA,238681299,PRIVATE,39,41,237320,65,222573
00374200,SWEET BRIAR COLLEGE,VA,245959998,PRIVATE,125,130,1107375,240,1055563
00374400,UNIVERSITY OF RICHMOND,VA,231730001,PRIVATE,249,256,3154576,486,3123006
00374500,UNIVERSITY OF VIRGINIA,VA,229032600,PUBLIC,777,802,6884347,803,6782385
00374900,GEORGE MASON UNIVERSITY,VA,220304444,PUBLIC,643,710,4252976,1228,4048614
00375300,VIRGINIA MILITARY INSTITUTE,VA,244502138,PUBLIC,128,133,1014881,247,1001557
00375400,VIRGINIA POLYTECHNIC INSTITUTE & STATE UNIVERSITY,VA,240612000,PUBLIC,1623,1766,13281806,3169,13122719
00376100,WYTHEVILLE COMMUNITY COLLEGE,VA,243823308,PUBLIC,1,1,1100,1,1100
00376400,VIRGINIA STATE UNIVERSITY,VA,238060001,PUBLIC,313,330,2185140,554,2112191
00376500,NORFOLK STATE UNIVERSITY,VA,235048000,PUBLIC,0,0,0,0,0
00376600,VIRGINIA UNION UNIVERSITY,VA,232201711,PRIVATE,0,0,0,0,0
00953500,STAUNTON SCHOOL OF COSMETOLOGY,VA,244014323,PROPRIETARY,3,4,14000,6,11730
00988600,INTERNATIONAL BEAUTY SCHOOL,VA,229012817,PROPRIETARY,0,0,0,0,0
01159600,LEGENDS INSTITUTE,VA,245012652,PROPRIETARY,6,6,24000,8,20060
01290100,DOMINION COLLEGE,VA,240142703,PROPRIETARY,25,28,123172,59,85063
02108800,WARDS CORNER BEAUTY ACADEMY,VA,235053700,PROPRIETARY,4,4,15000,7,15000
02223100,HERITAGE INSTITUTE,VA,220464400,PROPRIETARY,5,5,30593,8,24633
02304500,HERITAGE INSTITUTE,VA,201112176,PROPRIETARY,2,2,6936,2,6936
02567300,BRAXTON SCHOOL OF BUSINESS,VA,232303601,PROPRIETARY,19,19,87500,36,80212
02588900,SANZ SCHOOL,VA,220442908,PROPRIETARY,43,43,104241,65,98011
02605900,TESST COLLEGE OF TECHNOLOGY,VA,223126342,PROPRIETARY,0,0,0,0,0
03002400,GRAHAM WEBB INTERNATIONAL ACADEMY OF HAIR,VA,222092129,PROPRIETARY,27,27,178372,41,157596
03010700,BAR PALMA BEAUTY CAREERS ACADEMY,VA,240142255,PROPRIETARY,4,4,16000,5,9331
03091100,ACT COLLEGE,VA,222092297,PROPRIETARY,45,45,193866,98,188978
03096500,SPRINGFIELD BEAUTY ACADEMY,VA,220033016,PROPRIETARY,1,1,2278,1,2278
03280400,VIRGINIA SCHOOL OF MASSAGE,VA,229016803,PROPRIETARY,21,21,73018,28,69835
03409500,RSHT,VA,232303423,PROPRIETARY,10,10,44500,19,34656
03645400,RUDY & KELLY ACADEMY OF HAIR AND NAILS,VA,234646857,PROPRIETARY,0,0,0,0,0
03654300,CAREER TRAINING SOLUTIONS,VA,224061014,PROPRIETARY,1,1,8100,3,8100
00394600,UNIVERSITY OF THE VIRGIN ISLANDS,VI,008026000,PUBLIC,10,10,47543,19,47543
00368800,JOHNSON STATE COLLEGE,VT,056569898,PUBLIC,4,4,37376,6,30944
00368900,LYNDON STATE COLLEGE,VT,058510919,PUBLIC,145,157,1010613,278,953226
00369100,MIDDLEBURY COLLEGE,VT,057530000,PRIVATE,225,237,3399555,418,3377115
00377100,CENTRAL WASHINGTON UNIVERSITY,WA,989267501,PUBLIC,766,890,5361660,2140,5059540
00379000,SEATTLE UNIVERSITY,WA,981221090,PRIVATE,145,152,1432621,399,1397693
00379100,SHORELINE COMMUNITY COLLEGE,WA,981335696,PUBLIC,0,0,0,0,0
00379300,SPOKANE COMMUNITY COLLEGE,WA,992075399,PUBLIC,0,0,0,0,0
00379400,SAINT MARTIN'S UNIVERSITY,WA,985037500,PRIVATE,0,0,0,0,0
00379800,UNIVERSITY OF WASHINGTON - SEATTLE,WA,981951122,PUBLIC,1880,2014,16462777,5218,14889593
00380200,WESTERN WASHINGTON UNIVERSITY,WA,982255946,PUBLIC,1167,1252,7660866,3214,7499154
00380400,WHITWORTH UNIVERSITY,WA,992510001,PRIVATE,212,216,2002616,402,1986044
00954400,SPOKANE FALLS COMMUNITY COLLEGE,WA,992245204,PUBLIC,0,0,0,0,0
02203300,GENE JUAREZ ACADEMY OF BEAUTY,WA,981257215,PROPRIETARY,1,1,4304,2,4304
02532100,BUSINESS CAREER TRAINING INSTITUTE,WA,982083244,PROPRIETARY,147,183,1023237,314,873501
02541900,BJ'S BEAUTY & BARBER COLLEGE,WA,984094318,PROPRIETARY,1,1,3847,2,3847
00384200,CONCORDIA UNIVERSITY - WISCONSIN,WI,530972402,PRIVATE,92,100,592320,172,552514
00385600,LAWRENCE UNIVERSITY,WI,549110000,PRIVATE,142,145,1320435,394,1313644
00386300,MARQUETTE UNIVERSITY,WI,532331881,PRIVATE,986,1039,9527580,1917,9392897
00387500,NORTHLAND COLLEGE,WI,548063999,PRIVATE,101,110,784933,189,740972
00389200,SAINT NORBERT COLLEGE,WI,541152002,PRIVATE,131,136,1049188,232,1048061
00389600,UNIVERSITY OF WISCONSIN - MILWAUKEE,WI,532113165,PUBLIC,353,371,2036362,608,2014614
00391700,UNIVERSITY OF WISCONSIN - EAU CLAIRE,WI,547024004,PUBLIC,172,177,760980,296,732281
00392500,UNIVERSITY OF WISCONSIN - SUPERIOR,WI,548802898,PUBLIC,52,52,206354,88,200768
00392600,UNIVERSITY OF WISCONSIN - WHITEWATER,WI,531901792,PUBLIC,319,322,1644449,552,1618269
00962100,HERZING UNIVERSITY,WI,537184236,PROPRIETARY,0,0,0,0,0
01091300,MADISON MEDIA INSTITUTE,WI,537186787,PROPRIETARY,89,98,713854,173,674628
01148400,ADVANCED INSTITUTE OF HAIR DESIGN,WI,532283821,PROPRIETARY,34,35,234494,64,210390
02324700,MARTIN'S COLLEGE OF COSMETOLOGY,WI,537171111,PROPRIETARY,27,30,142343,51,119647
02332100,EMPIRE BEAUTY SCHOOL,WI,542205040,PROPRIETARY,49,54,266513,94,211220
03007400,LAKESIDE SCHOOL OF MASSAGE THERAPY,WI,532123969,PRIVATE,18,18,115543,32,101401
03077600,MARTIN'S COLLEGE OF COSMETOLOGY,WI,543044838,PROPRIETARY,20,22,110718,37,91185
03220300,"SALON PROFESSIONAL ACADEMY, THE",WI,547017633,PROPRIETARY,13,13,46495,22,44499
00380600,ALDERSON BROADDUS COLLEGE,WV,264161051,PRIVATE,72,79,476803,143,466624
00380800,BETHANY COLLEGE,WV,260320417,PRIVATE,219,226,1648706,407,1618480
00380900,BLUEFIELD STATE COLLEGE,WV,247012198,PUBLIC,3,3,8500,6,8500
00381200,FAIRMONT STATE UNIVERSITY,WV,265542470,PUBLIC,62,67,246678,120,246700
00381300,GLENVILLE STATE COLLEGE,WV,263511292,PUBLIC,42,46,181345,68,180691
00381500,MARSHALL UNIVERSITY,WV,257553300,PUBLIC,425,461,2233555,855,2135201
00382000,SALEM INTERNATIONAL UNIVERSITY,WV,264260500,PROPRIETARY,26,28,156081,30,155997
00382200,SHEPHERD UNIVERSITY,WV,254433210,PUBLIC,166,173,836527,303,817604
00382300,WEST LIBERTY UNIVERSITY,WV,260740295,PUBLIC,125,129,550523,235,529572
00382600,WEST VIRGINIA STATE UNIVERSITY,WV,251120000,PUBLIC,151,156,623105,264,579807
00382700,WEST VIRGINIA UNIVERSITY,WV,265066201,PUBLIC,2056,2206,16345185,3912,15516650
00383000,WEST VIRGINIA WESLEYAN COLLEGE,WV,262012600,PRIVATE,193,203,1310518,365,1287940
00383100,WHEELING JESUIT UNIVERSITY,WV,260036243,PRIVATE,135,156,871273,269,868532
00500700,WEST VIRGINIA JUNIOR COLLEGE,WV,265055596,PROPRIETARY,0,0,0,0,0
00760000,INTERNATIONAL BEAUTY SCHOOL,WV,254013231,PROPRIETARY,4,4,10322,5,9254
01057300,WEST VIRGINIA JUNIOR COLLEGE,WV,253019983,PROPRIETARY,0,0,0,0,0
02145100,SCOTT COLLEGE OF COSMETOLOGY,WV,260033532,PROPRIETARY,0,0,0,0,0
02609400,VALLEY COLLEGE,WV,254045711,PROPRIETARY,7,7,19240,12,14534
03052000,MEREDITH MANOR INTERNATIONAL EQUESTRIAN CENTRE,WV,261849707,PROPRIETARY,32,38,624604,62,571500
03084200,VALLEY COLLEGE,WV,247403141,PROPRIETARY,1,1,4198,2,4155
03084400,VALLEY COLLEGE,WV,258012643,PROPRIETARY,7,9,24042,10,20585
